RECORDING_SESSION_LABEL,TRIAL_INDEX,CURRENT_FIX_X,CURRENT_FIX_Y,CURRENT_FIX_DURATION,Image_Column,CURRENT_IA_Jaw,CURRENT_IA_RightEyebrow,CURRENT_IA_LeftEyebrow,CURRENT_IA_Nose,CURRENT_IA_RightEye,CURRENT_IA_LeftEye,CURRENT_IA_Mouth,CURRENT_IA_Face,CURRENT_IA_Periocular,CURRENT_IA_LeftScreen,CURRENT_IA_RightScreen,CURRENT_IA_WholeScreen,CURRENT_IA_NonFace,CURRENT_Area_Jaw,CURRENT_Area_RightEyebrow,CURRENT_Area_LeftEyebrow,CURRENT_Area_Nose,CURRENT_Area_RightEye,CURRENT_Area_LeftEye,CURRENT_Area_Mouth,CURRENT_Area_Face,CURRENT_Area_Periocular,CURRENT_Area_LeftScreen,CURRENT_Area_RightScreen,CURRENT_Area_WholeScreen
sub01,1,158.0,224.4,98,frame56.jpg,0,0,0,0,0,0,0,0,0,1,0,1,1,137940.5,6262.561600342393,6812.636751708575,18404.39599609375,8635.50033569336,8786.250534057617,18549.17974731326,341700.0,62636.93840107322,1036800.0,1036800.0,2073600.0
sub01,1,650.8,958.8,44,frame56.jpg,0,0,0,0,0,0,0,0,0,1,0,1,1,137940.5,6262.561600342393,6812.636751708575,18404.39599609375,8635.50033569336,8786.250534057617,18549.17974731326,341700.0,62636.93840107322,1036800.0,1036800.0,2073600.0
sub01,1,818.9,930.9,126,frame56.jpg,0,0,0,0,0,0,0,0,0,1,0,1,1,137940.5,6262.561600342393,6812.636751708575,18404.39599609375,8635.50033569336,8786.250534057617,18549.17974731326,341700.0,62636.93840107322,1036800.0,1036800.0,2073600.0
sub01,1,939.3,946.1,237,frame56.jpg,0,0,0,0,0,0,0,0,0,1,0,1,1,137940.5,6262.561600342393,6812.636751708575,18404.39599609375,8635.50033569336,8786.250534057617,18549.17974731326,341700.0,62636.93840107322,1036800.0,1036800.0,2073600.0
sub01,1,325.4,1260.3,339,frame56.jpg,0,0,0,0,0,0,0,0,0,0,0,0,0,137940.5,6262.561600342393,6812.636751708575,18404.39599609375,8635.50033569336,8786.250534057617,18549.17974731326,341700.0,62636.93840107322,1036800.0,1036800.0,2073600.0
sub01,1,49.7,1402.3,518,frame56.jpg,0,0,0,0,0,0,0,0,0,0,0,0,0,137940.5,6262.561600342393,6812.636751708575,18404.39599609375,8635.50033569336,8786.250534057617,18549.17974731326,341700.0,62636.93840107322,1036800.0,1036800.0,2073600.0
sub01,1,939.9,923.5,70,frame56.jpg,0,0,0,0,0,0,0,0,0,1,0,1,1,137940.5,6262.561600342393,6812.636751708575,18404.39599609375,8635.50033569336,8786.250534057617,18549.17974731326,341700.0,62636.93840107322,1036800.0,1036800.0,2073600.0
sub01,1,1885.0,761.8,26,frame56.jpg,0,0,0,0,0,0,0,0,0,0,1,1,1,137940.5,6262.561600342393,6812.636751708575,18404.39599609375,8635.50033569336,8786.250534057617,18549.17974731326,341700.0,62636.93840107322,1036800.0,1036800.0,2073600.0
sub01,1,1021.9,832.5,112,frame56.jpg,0,0,0,0,0,0,0,1,0,0,1,1,0,137940.5,6262.561600342393,6812.636751708575,18404.39599609375,8635.50033569336,8786.250534057617,18549.17974731326,341700.0,62636.93840107322,1036800.0,1036800.0,2073600.0
sub01,1,868.3,887.0,669,frame56.jpg,0,0,0,0,0,0,0,0,0,1,0,1,1,137940.5,6262.561600342393,6812.636751708575,18404.39599609375,8635.50033569336,8786.250534057617,18549.17974731326,341700.0,62636.93840107322,1036800.0,1036800.0,2073600.0
sub01,1,82.0,795.4,21,frame56.jpg,0,0,0,0,0,0,0,0,0,1,0,1,1,137940.5,6262.561600342393,6812.636751708575,18404.39599609375,8635.50033569336,8786.250534057617,18549.17974731326,341700.0,62636.93840107322,1036800.0,1036800.0,2073600.0
sub01,1,806.6,2008.2,40,frame56.jpg,0,0,0,0,0,0,0,0,0,0,0,0,0,137940.5,6262.561600342393,6812.636751708575,18404.39599609375,8635.50033569336,8786.250534057617,18549.17974731326,341700.0,62636.93840107322,1036800.0,1036800.0,2073600.0
sub01,1,774.8,1142.8,78,frame56.jpg,0,0,0,0,0,0,0,0,0,0,0,0,0,137940.5,6262.561600342393,6812.636751708575,18404.39599609375,8635.50033569336,8786.250534057617,18549.17974731326,341700.0,62636.93840107322,1036800.0,1036800.0,2073600.0
sub01,1,860.5,1240.5,140,frame56.jpg,0,0,0,0,0,0,0,0,0,0,0,0,0,137940.5,6262.561600342393,6812.636751708575,18404.39599609375,8635.50033569336,8786.250534057617,18549.17974731326,341700.0,62636.93840107322,1036800.0,1036800.0,2073600.0
sub01,1,884.5,1252.5,91,frame56.jpg,0,0,0,0,0,0,0,0,0,0,0,0,0,137940.5,6262.561600342393,6812.636751708575,18404.39599609375,8635.50033569336,8786.250534057617,18549.17974731326,341700.0,62636.93840107322,1036800.0,1036800.0,2073600.0
sub01,2,930.5,996.2,665,frame545.jpg,0,0,0,0,0,0,0,0,0,1,0,1,1,163755.5,6261.122175293043,6825.6028930665925,21492.002471923828,8212.498931884766,8759.252090454102,14603.160953368992,419926.0,67477.47506713867,1036800.0,1036800.0,2073600.0
sub01,2,1052.5,1020.6,640,frame545.jpg,0,0,0,0,0,0,0,0,0,0,1,1,1,163755.5,6261.122175293043,6825.6028930665925,21492.002471923828,8212.498931884766,8759.252090454102,14603.160953368992,419926.0,67477.47506713867,1036800.0,1036800.0,2073600.0
sub01,2,1111.9,1065.7,80,frame545.jpg,0,0,0,0,0,0,0,0,0,0,1,1,1,163755.5,6261.122175293043,6825.6028930665925,21492.002471923828,8212.498931884766,8759.252090454102,14603.160953368992,419926.0,67477.47506713867,1036800.0,1036800.0,2073600.0
sub01,2,1246.4,1177.0,96,frame545.jpg,0,0,0,0,0,0,0,0,0,0,0,0,0,163755.5,6261.122175293043,6825.6028930665925,21492.002471923828,8212.498931884766,8759.252090454102,14603.160953368992,419926.0,67477.47506713867,1036800.0,1036800.0,2073600.0
sub01,2,1238.8,1183.1,29,frame545.jpg,0,0,0,0,0,0,0,0,0,0,0,0,0,163755.5,6261.122175293043,6825.6028930665925,21492.002471923828,8212.498931884766,8759.252090454102,14603.160953368992,419926.0,67477.47506713867,1036800.0,1036800.0,2073600.0
sub01,2,2143.6,1092.8,109,frame545.jpg,0,0,0,0,0,0,0,0,0,0,0,0,0,163755.5,6261.122175293043,6825.6028930665925,21492.002471923828,8212.498931884766,8759.252090454102,14603.160953368992,419926.0,67477.47506713867,1036800.0,1036800.0,2073600.0
sub01,2,1801.7,1042.0,78,frame545.jpg,0,0,0,0,0,0,0,0,0,0,1,1,1,163755.5,6261.122175293043,6825.6028930665925,21492.002471923828,8212.498931884766,8759.252090454102,14603.160953368992,419926.0,67477.47506713867,1036800.0,1036800.0,2073600.0
sub01,2,710.8,956.4,134,frame545.jpg,0,0,0,0,0,0,0,1,0,1,0,1,0,163755.5,6261.122175293043,6825.6028930665925,21492.002471923828,8212.498931884766,8759.252090454102,14603.160953368992,419926.0,67477.47506713867,1036800.0,1036800.0,2073600.0
sub01,2,665.3,981.9,87,frame545.jpg,0,0,0,0,0,0,0,1,0,1,0,1,0,163755.5,6261.122175293043,6825.6028930665925,21492.002471923828,8212.498931884766,8759.252090454102,14603.160953368992,419926.0,67477.47506713867,1036800.0,1036800.0,2073600.0
sub01,2,719.5,976.8,253,frame545.jpg,0,0,0,0,0,0,0,1,0,1,0,1,0,163755.5,6261.122175293043,6825.6028930665925,21492.002471923828,8212.498931884766,8759.252090454102,14603.160953368992,419926.0,67477.47506713867,1036800.0,1036800.0,2073600.0
sub01,2,869.2,928.5,206,frame545.jpg,1,0,0,0,0,0,0,1,0,1,0,1,0,163755.5,6261.122175293043,6825.6028930665925,21492.002471923828,8212.498931884766,8759.252090454102,14603.160953368992,419926.0,67477.47506713867,1036800.0,1036800.0,2073600.0
sub01,2,895.3,1054.5,74,frame545.jpg,0,0,0,0,0,0,0,0,0,1,0,1,1,163755.5,6261.122175293043,6825.6028930665925,21492.002471923828,8212.498931884766,8759.252090454102,14603.160953368992,419926.0,67477.47506713867,1036800.0,1036800.0,2073600.0
sub01,2,963.4,1061.2,856,frame545.jpg,0,0,0,0,0,0,0,0,0,0,1,1,1,163755.5,6261.122175293043,6825.6028930665925,21492.002471923828,8212.498931884766,8759.252090454102,14603.160953368992,419926.0,67477.47506713867,1036800.0,1036800.0,2073600.0
sub01,2,945.6,790.8,484,frame545.jpg,1,0,0,0,0,0,1,1,0,1,0,1,0,163755.5,6261.122175293043,6825.6028930665925,21492.002471923828,8212.498931884766,8759.252090454102,14603.160953368992,419926.0,67477.47506713867,1036800.0,1036800.0,2073600.0
sub01,2,875.2,798.8,231,frame545.jpg,1,0,0,0,0,0,1,1,0,1,0,1,0,163755.5,6261.122175293043,6825.6028930665925,21492.002471923828,8212.498931884766,8759.252090454102,14603.160953368992,419926.0,67477.47506713867,1036800.0,1036800.0,2073600.0
sub01,2,901.1,804.4,38,frame545.jpg,1,0,0,0,0,0,1,1,0,1,0,1,0,163755.5,6261.122175293043,6825.6028930665925,21492.002471923828,8212.498931884766,8759.252090454102,14603.160953368992,419926.0,67477.47506713867,1036800.0,1036800.0,2073600.0
sub01,2,886.0,914.1,893,frame545.jpg,1,0,0,0,0,0,0,1,0,1,0,1,0,163755.5,6261.122175293043,6825.6028930665925,21492.002471923828,8212.498931884766,8759.252090454102,14603.160953368992,419926.0,67477.47506713867,1036800.0,1036800.0,2073600.0
sub01,2,958.0,922.9,857,frame545.jpg,1,0,0,0,0,0,0,1,0,1,0,1,0,163755.5,6261.122175293043,6825.6028930665925,21492.002471923828,8212.498931884766,8759.252090454102,14603.160953368992,419926.0,67477.47506713867,1036800.0,1036800.0,2073600.0
sub01,2,1088.3,839.2,1152,frame545.jpg,0,0,0,0,0,0,0,1,0,0,1,1,0,163755.5,6261.122175293043,6825.6028930665925,21492.002471923828,8212.498931884766,8759.252090454102,14603.160953368992,419926.0,67477.47506713867,1036800.0,1036800.0,2073600.0
sub01,2,921.7,897.6,1035,frame545.jpg,1,0,0,0,0,0,0,1,0,1,0,1,0,163755.5,6261.122175293043,6825.6028930665925,21492.002471923828,8212.498931884766,8759.252090454102,14603.160953368992,419926.0,67477.47506713867,1036800.0,1036800.0,2073600.0
sub01,2,935.8,963.9,27,frame545.jpg,1,0,0,0,0,0,0,1,0,1,0,1,0,163755.5,6261.122175293043,6825.6028930665925,21492.002471923828,8212.498931884766,8759.252090454102,14603.160953368992,419926.0,67477.47506713867,1036800.0,1036800.0,2073600.0
sub01,2,926.1,979.3,99,frame545.jpg,0,0,0,0,0,0,0,1,0,1,0,1,0,163755.5,6261.122175293043,6825.6028930665925,21492.002471923828,8212.498931884766,8759.252090454102,14603.160953368992,419926.0,67477.47506713867,1036800.0,1036800.0,2073600.0
sub01,2,898.6,981.2,62,frame545.jpg,0,0,0,0,0,0,0,1,0,1,0,1,0,163755.5,6261.122175293043,6825.6028930665925,21492.002471923828,8212.498931884766,8759.252090454102,14603.160953368992,419926.0,67477.47506713867,1036800.0,1036800.0,2073600.0
sub01,2,896.9,979.9,27,frame545.jpg,0,0,0,0,0,0,0,1,0,1,0,1,0,163755.5,6261.122175293043,6825.6028930665925,21492.002471923828,8212.498931884766,8759.252090454102,14603.160953368992,419926.0,67477.47506713867,1036800.0,1036800.0,2073600.0
sub01,2,911.6,980.5,58,frame545.jpg,0,0,0,0,0,0,0,1,0,1,0,1,0,163755.5,6261.122175293043,6825.6028930665925,21492.002471923828,8212.498931884766,8759.252090454102,14603.160953368992,419926.0,67477.47506713867,1036800.0,1036800.0,2073600.0
sub01,2,943.7,966.4,118,frame545.jpg,1,0,0,0,0,0,0,1,0,1,0,1,0,163755.5,6261.122175293043,6825.6028930665925,21492.002471923828,8212.498931884766,8759.252090454102,14603.160953368992,419926.0,67477.47506713867,1036800.0,1036800.0,2073600.0
sub01,2,935.0,952.5,164,frame545.jpg,1,0,0,0,0,0,0,1,0,1,0,1,0,163755.5,6261.122175293043,6825.6028930665925,21492.002471923828,8212.498931884766,8759.252090454102,14603.160953368992,419926.0,67477.47506713867,1036800.0,1036800.0,2073600.0
sub01,2,1145.0,878.9,234,frame545.jpg,0,0,0,0,0,0,0,0,0,0,1,1,1,163755.5,6261.122175293043,6825.6028930665925,21492.002471923828,8212.498931884766,8759.252090454102,14603.160953368992,419926.0,67477.47506713867,1036800.0,1036800.0,2073600.0
sub01,2,1156.5,872.1,28,frame545.jpg,0,0,0,0,0,0,0,0,0,0,1,1,1,163755.5,6261.122175293043,6825.6028930665925,21492.002471923828,8212.498931884766,8759.252090454102,14603.160953368992,419926.0,67477.47506713867,1036800.0,1036800.0,2073600.0
sub01,2,1138.2,871.9,431,frame545.jpg,0,0,0,0,0,0,0,0,0,0,1,1,1,163755.5,6261.122175293043,6825.6028930665925,21492.002471923828,8212.498931884766,8759.252090454102,14603.160953368992,419926.0,67477.47506713867,1036800.0,1036800.0,2073600.0
sub01,2,887.1,1087.2,377,frame545.jpg,0,0,0,0,0,0,0,0,0,0,0,0,0,163755.5,6261.122175293043,6825.6028930665925,21492.002471923828,8212.498931884766,8759.252090454102,14603.160953368992,419926.0,67477.47506713867,1036800.0,1036800.0,2073600.0
sub01,2,984.6,916.4,119,frame545.jpg,1,0,0,0,0,0,0,1,0,0,1,1,0,163755.5,6261.122175293043,6825.6028930665925,21492.002471923828,8212.498931884766,8759.252090454102,14603.160953368992,419926.0,67477.47506713867,1036800.0,1036800.0,2073600.0
sub01,2,994.9,915.9,122,frame545.jpg,1,0,0,0,0,0,0,1,0,0,1,1,0,163755.5,6261.122175293043,6825.6028930665925,21492.002471923828,8212.498931884766,8759.252090454102,14603.160953368992,419926.0,67477.47506713867,1036800.0,1036800.0,2073600.0
sub01,2,998.9,932.7,332,frame545.jpg,1,0,0,0,0,0,0,1,0,0,1,1,0,163755.5,6261.122175293043,6825.6028930665925,21492.002471923828,8212.498931884766,8759.252090454102,14603.160953368992,419926.0,67477.47506713867,1036800.0,1036800.0,2073600.0
sub01,2,994.8,933.6,103,frame545.jpg,1,0,0,0,0,0,0,1,0,0,1,1,0,163755.5,6261.122175293043,6825.6028930665925,21492.002471923828,8212.498931884766,8759.252090454102,14603.160953368992,419926.0,67477.47506713867,1036800.0,1036800.0,2073600.0
sub01,2,1188.2,1296.4,79,frame545.jpg,0,0,0,0,0,0,0,0,0,0,0,0,0,163755.5,6261.122175293043,6825.6028930665925,21492.002471923828,8212.498931884766,8759.252090454102,14603.160953368992,419926.0,67477.47506713867,1036800.0,1036800.0,2073600.0
sub01,2,1068.5,1009.6,254,frame545.jpg,0,0,0,0,0,0,0,0,0,0,1,1,1,163755.5,6261.122175293043,6825.6028930665925,21492.002471923828,8212.498931884766,8759.252090454102,14603.160953368992,419926.0,67477.47506713867,1036800.0,1036800.0,2073600.0
sub01,2,1023.6,999.8,49,frame545.jpg,0,0,0,0,0,0,0,0,0,0,1,1,1,163755.5,6261.122175293043,6825.6028930665925,21492.002471923828,8212.498931884766,8759.252090454102,14603.160953368992,419926.0,67477.47506713867,1036800.0,1036800.0,2073600.0
sub01,2,1065.4,922.0,124,frame545.jpg,0,0,0,0,0,0,0,1,0,0,1,1,0,163755.5,6261.122175293043,6825.6028930665925,21492.002471923828,8212.498931884766,8759.252090454102,14603.160953368992,419926.0,67477.47506713867,1036800.0,1036800.0,2073600.0
sub01,2,1028.9,925.5,192,frame545.jpg,0,0,0,0,0,0,0,1,0,0,1,1,0,163755.5,6261.122175293043,6825.6028930665925,21492.002471923828,8212.498931884766,8759.252090454102,14603.160953368992,419926.0,67477.47506713867,1036800.0,1036800.0,2073600.0
sub01,2,1024.9,951.3,47,frame545.jpg,0,0,0,0,0,0,0,1,0,0,1,1,0,163755.5,6261.122175293043,6825.6028930665925,21492.002471923828,8212.498931884766,8759.252090454102,14603.160953368992,419926.0,67477.47506713867,1036800.0,1036800.0,2073600.0
sub01,2,915.9,1090.5,98,frame545.jpg,0,0,0,0,0,0,0,0,0,0,0,0,0,163755.5,6261.122175293043,6825.6028930665925,21492.002471923828,8212.498931884766,8759.252090454102,14603.160953368992,419926.0,67477.47506713867,1036800.0,1036800.0,2073600.0
sub01,2,924.9,1109.1,241,frame545.jpg,0,0,0,0,0,0,0,0,0,0,0,0,0,163755.5,6261.122175293043,6825.6028930665925,21492.002471923828,8212.498931884766,8759.252090454102,14603.160953368992,419926.0,67477.47506713867,1036800.0,1036800.0,2073600.0
sub01,2,1384.0,1090.7,187,frame545.jpg,0,0,0,0,0,0,0,0,0,0,0,0,0,163755.5,6261.122175293043,6825.6028930665925,21492.002471923828,8212.498931884766,8759.252090454102,14603.160953368992,419926.0,67477.47506713867,1036800.0,1036800.0,2073600.0
sub01,2,1485.1,1035.4,140,frame545.jpg,0,0,0,0,0,0,0,0,0,0,1,1,1,163755.5,6261.122175293043,6825.6028930665925,21492.002471923828,8212.498931884766,8759.252090454102,14603.160953368992,419926.0,67477.47506713867,1036800.0,1036800.0,2073600.0
sub01,2,1476.1,1035.9,132,frame545.jpg,0,0,0,0,0,0,0,0,0,0,1,1,1,163755.5,6261.122175293043,6825.6028930665925,21492.002471923828,8212.498931884766,8759.252090454102,14603.160953368992,419926.0,67477.47506713867,1036800.0,1036800.0,2073600.0
sub01,2,1261.8,1354.1,34,frame545.jpg,0,0,0,0,0,0,0,0,0,0,0,0,0,163755.5,6261.122175293043,6825.6028930665925,21492.002471923828,8212.498931884766,8759.252090454102,14603.160953368992,419926.0,67477.47506713867,1036800.0,1036800.0,2073600.0
sub01,2,1226.3,1261.0,41,frame545.jpg,0,0,0,0,0,0,0,0,0,0,0,0,0,163755.5,6261.122175293043,6825.6028930665925,21492.002471923828,8212.498931884766,8759.252090454102,14603.160953368992,419926.0,67477.47506713867,1036800.0,1036800.0,2073600.0
sub01,2,1200.2,1181.3,34,frame545.jpg,0,0,0,0,0,0,0,0,0,0,0,0,0,163755.5,6261.122175293043,6825.6028930665925,21492.002471923828,8212.498931884766,8759.252090454102,14603.160953368992,419926.0,67477.47506713867,1036800.0,1036800.0,2073600.0
sub01,2,1160.7,1096.6,363,frame545.jpg,0,0,0,0,0,0,0,0,0,0,0,0,0,163755.5,6261.122175293043,6825.6028930665925,21492.002471923828,8212.498931884766,8759.252090454102,14603.160953368992,419926.0,67477.47506713867,1036800.0,1036800.0,2073600.0
sub01,2,1067.1,1023.9,164,frame545.jpg,0,0,0,0,0,0,0,0,0,0,1,1,1,163755.5,6261.122175293043,6825.6028930665925,21492.002471923828,8212.498931884766,8759.252090454102,14603.160953368992,419926.0,67477.47506713867,1036800.0,1036800.0,2073600.0
sub01,2,996.8,1048.9,548,frame545.jpg,0,0,0,0,0,0,0,0,0,0,1,1,1,163755.5,6261.122175293043,6825.6028930665925,21492.002471923828,8212.498931884766,8759.252090454102,14603.160953368992,419926.0,67477.47506713867,1036800.0,1036800.0,2073600.0
sub01,2,968.9,1067.7,40,frame545.jpg,0,0,0,0,0,0,0,0,0,0,1,1,1,163755.5,6261.122175293043,6825.6028930665925,21492.002471923828,8212.498931884766,8759.252090454102,14603.160953368992,419926.0,67477.47506713867,1036800.0,1036800.0,2073600.0
sub01,2,978.0,1084.1,29,frame545.jpg,0,0,0,0,0,0,0,0,0,0,0,0,0,163755.5,6261.122175293043,6825.6028930665925,21492.002471923828,8212.498931884766,8759.252090454102,14603.160953368992,419926.0,67477.47506713867,1036800.0,1036800.0,2073600.0
sub01,2,976.0,1083.3,74,frame545.jpg,0,0,0,0,0,0,0,0,0,0,0,0,0,163755.5,6261.122175293043,6825.6028930665925,21492.002471923828,8212.498931884766,8759.252090454102,14603.160953368992,419926.0,67477.47506713867,1036800.0,1036800.0,2073600.0
sub01,2,954.2,1060.2,327,frame545.jpg,0,0,0,0,0,0,0,0,0,1,0,1,1,163755.5,6261.122175293043,6825.6028930665925,21492.002471923828,8212.498931884766,8759.252090454102,14603.160953368992,419926.0,67477.47506713867,1036800.0,1036800.0,2073600.0
sub01,2,1018.6,1093.1,25,frame545.jpg,0,0,0,0,0,0,0,0,0,0,0,0,0,163755.5,6261.122175293043,6825.6028930665925,21492.002471923828,8212.498931884766,8759.252090454102,14603.160953368992,419926.0,67477.47506713867,1036800.0,1036800.0,2073600.0
sub01,2,1169.8,1188.5,38,frame545.jpg,0,0,0,0,0,0,0,0,0,0,0,0,0,163755.5,6261.122175293043,6825.6028930665925,21492.002471923828,8212.498931884766,8759.252090454102,14603.160953368992,419926.0,67477.47506713867,1036800.0,1036800.0,2073600.0
sub01,2,1052.1,1405.1,64,frame545.jpg,0,0,0,0,0,0,0,0,0,0,0,0,0,163755.5,6261.122175293043,6825.6028930665925,21492.002471923828,8212.498931884766,8759.252090454102,14603.160953368992,419926.0,67477.47506713867,1036800.0,1036800.0,2073600.0
sub01,2,1008.1,1315.6,196,frame545.jpg,0,0,0,0,0,0,0,0,0,0,0,0,0,163755.5,6261.122175293043,6825.6028930665925,21492.002471923828,8212.498931884766,8759.252090454102,14603.160953368992,419926.0,67477.47506713867,1036800.0,1036800.0,2073600.0
sub01,2,978.0,1281.9,44,frame545.jpg,0,0,0,0,0,0,0,0,0,0,0,0,0,163755.5,6261.122175293043,6825.6028930665925,21492.002471923828,8212.498931884766,8759.252090454102,14603.160953368992,419926.0,67477.47506713867,1036800.0,1036800.0,2073600.0
sub01,2,966.2,1272.7,27,frame545.jpg,0,0,0,0,0,0,0,0,0,0,0,0,0,163755.5,6261.122175293043,6825.6028930665925,21492.002471923828,8212.498931884766,8759.252090454102,14603.160953368992,419926.0,67477.47506713867,1036800.0,1036800.0,2073600.0
sub01,2,959.9,1280.3,109,frame545.jpg,0,0,0,0,0,0,0,0,0,0,0,0,0,163755.5,6261.122175293043,6825.6028930665925,21492.002471923828,8212.498931884766,8759.252090454102,14603.160953368992,419926.0,67477.47506713867,1036800.0,1036800.0,2073600.0
sub01,2,852.7,1293.4,106,frame545.jpg,0,0,0,0,0,0,0,0,0,0,0,0,0,163755.5,6261.122175293043,6825.6028930665925,21492.002471923828,8212.498931884766,8759.252090454102,14603.160953368992,419926.0,67477.47506713867,1036800.0,1036800.0,2073600.0
sub01,2,869.7,1259.4,25,frame545.jpg,0,0,0,0,0,0,0,0,0,0,0,0,0,163755.5,6261.122175293043,6825.6028930665925,21492.002471923828,8212.498931884766,8759.252090454102,14603.160953368992,419926.0,67477.47506713867,1036800.0,1036800.0,2073600.0
sub01,2,846.1,1150.6,29,frame545.jpg,0,0,0,0,0,0,0,0,0,0,0,0,0,163755.5,6261.122175293043,6825.6028930665925,21492.002471923828,8212.498931884766,8759.252090454102,14603.160953368992,419926.0,67477.47506713867,1036800.0,1036800.0,2073600.0
sub01,2,849.1,1145.3,37,frame545.jpg,0,0,0,0,0,0,0,0,0,0,0,0,0,163755.5,6261.122175293043,6825.6028930665925,21492.002471923828,8212.498931884766,8759.252090454102,14603.160953368992,419926.0,67477.47506713867,1036800.0,1036800.0,2073600.0
sub01,2,912.5,1112.1,35,frame545.jpg,0,0,0,0,0,0,0,0,0,0,0,0,0,163755.5,6261.122175293043,6825.6028930665925,21492.002471923828,8212.498931884766,8759.252090454102,14603.160953368992,419926.0,67477.47506713867,1036800.0,1036800.0,2073600.0
sub01,2,952.3,1087.2,29,frame545.jpg,0,0,0,0,0,0,0,0,0,0,0,0,0,163755.5,6261.122175293043,6825.6028930665925,21492.002471923828,8212.498931884766,8759.252090454102,14603.160953368992,419926.0,67477.47506713867,1036800.0,1036800.0,2073600.0
sub01,2,1024.2,1185.6,32,frame545.jpg,0,0,0,0,0,0,0,0,0,0,0,0,0,163755.5,6261.122175293043,6825.6028930665925,21492.002471923828,8212.498931884766,8759.252090454102,14603.160953368992,419926.0,67477.47506713867,1036800.0,1036800.0,2073600.0
sub01,2,1030.4,1186.9,106,frame545.jpg,0,0,0,0,0,0,0,0,0,0,0,0,0,163755.5,6261.122175293043,6825.6028930665925,21492.002471923828,8212.498931884766,8759.252090454102,14603.160953368992,419926.0,67477.47506713867,1036800.0,1036800.0,2073600.0
sub01,2,1022.9,1201.1,24,frame545.jpg,0,0,0,0,0,0,0,0,0,0,0,0,0,163755.5,6261.122175293043,6825.6028930665925,21492.002471923828,8212.498931884766,8759.252090454102,14603.160953368992,419926.0,67477.47506713867,1036800.0,1036800.0,2073600.0
sub01,2,978.1,1194.0,24,frame545.jpg,0,0,0,0,0,0,0,0,0,0,0,0,0,163755.5,6261.122175293043,6825.6028930665925,21492.002471923828,8212.498931884766,8759.252090454102,14603.160953368992,419926.0,67477.47506713867,1036800.0,1036800.0,2073600.0
sub01,2,982.2,1224.4,25,frame545.jpg,0,0,0,0,0,0,0,0,0,0,0,0,0,163755.5,6261.122175293043,6825.6028930665925,21492.002471923828,8212.498931884766,8759.252090454102,14603.160953368992,419926.0,67477.47506713867,1036800.0,1036800.0,2073600.0
sub01,2,1360.6,1835.6,32,frame545.jpg,0,0,0,0,0,0,0,0,0,0,0,0,0,163755.5,6261.122175293043,6825.6028930665925,21492.002471923828,8212.498931884766,8759.252090454102,14603.160953368992,419926.0,67477.47506713867,1036800.0,1036800.0,2073600.0
sub01,2,1235.3,1567.9,62,frame545.jpg,0,0,0,0,0,0,0,0,0,0,0,0,0,163755.5,6261.122175293043,6825.6028930665925,21492.002471923828,8212.498931884766,8759.252090454102,14603.160953368992,419926.0,67477.47506713867,1036800.0,1036800.0,2073600.0
sub01,2,1246.7,1572.6,40,frame545.jpg,0,0,0,0,0,0,0,0,0,0,0,0,0,163755.5,6261.122175293043,6825.6028930665925,21492.002471923828,8212.498931884766,8759.252090454102,14603.160953368992,419926.0,67477.47506713867,1036800.0,1036800.0,2073600.0
sub01,2,1279.8,1451.9,59,frame545.jpg,0,0,0,0,0,0,0,0,0,0,0,0,0,163755.5,6261.122175293043,6825.6028930665925,21492.002471923828,8212.498931884766,8759.252090454102,14603.160953368992,419926.0,67477.47506713867,1036800.0,1036800.0,2073600.0
sub01,2,1235.1,1461.5,24,frame545.jpg,0,0,0,0,0,0,0,0,0,0,0,0,0,163755.5,6261.122175293043,6825.6028930665925,21492.002471923828,8212.498931884766,8759.252090454102,14603.160953368992,419926.0,67477.47506713867,1036800.0,1036800.0,2073600.0
sub01,2,1237.7,1468.2,187,frame545.jpg,0,0,0,0,0,0,0,0,0,0,0,0,0,163755.5,6261.122175293043,6825.6028930665925,21492.002471923828,8212.498931884766,8759.252090454102,14603.160953368992,419926.0,67477.47506713867,1036800.0,1036800.0,2073600.0
sub01,2,1153.8,1213.0,82,frame545.jpg,0,0,0,0,0,0,0,0,0,0,0,0,0,163755.5,6261.122175293043,6825.6028930665925,21492.002471923828,8212.498931884766,8759.252090454102,14603.160953368992,419926.0,67477.47506713867,1036800.0,1036800.0,2073600.0
sub01,2,1138.0,1196.3,243,frame545.jpg,0,0,0,0,0,0,0,0,0,0,0,0,0,163755.5,6261.122175293043,6825.6028930665925,21492.002471923828,8212.498931884766,8759.252090454102,14603.160953368992,419926.0,67477.47506713867,1036800.0,1036800.0,2073600.0
sub01,2,1123.9,1221.8,365,frame545.jpg,0,0,0,0,0,0,0,0,0,0,0,0,0,163755.5,6261.122175293043,6825.6028930665925,21492.002471923828,8212.498931884766,8759.252090454102,14603.160953368992,419926.0,67477.47506713867,1036800.0,1036800.0,2073600.0
sub01,2,1124.9,1203.5,507,frame545.jpg,0,0,0,0,0,0,0,0,0,0,0,0,0,163755.5,6261.122175293043,6825.6028930665925,21492.002471923828,8212.498931884766,8759.252090454102,14603.160953368992,419926.0,67477.47506713867,1036800.0,1036800.0,2073600.0
sub01,2,1181.4,1212.1,429,frame545.jpg,0,0,0,0,0,0,0,0,0,0,0,0,0,163755.5,6261.122175293043,6825.6028930665925,21492.002471923828,8212.498931884766,8759.252090454102,14603.160953368992,419926.0,67477.47506713867,1036800.0,1036800.0,2073600.0
sub01,2,1136.2,1271.5,191,frame545.jpg,0,0,0,0,0,0,0,0,0,0,0,0,0,163755.5,6261.122175293043,6825.6028930665925,21492.002471923828,8212.498931884766,8759.252090454102,14603.160953368992,419926.0,67477.47506713867,1036800.0,1036800.0,2073600.0
sub01,2,1128.7,1259.5,353,frame545.jpg,0,0,0,0,0,0,0,0,0,0,0,0,0,163755.5,6261.122175293043,6825.6028930665925,21492.002471923828,8212.498931884766,8759.252090454102,14603.160953368992,419926.0,67477.47506713867,1036800.0,1036800.0,2073600.0
sub01,2,1110.3,1283.2,267,frame545.jpg,0,0,0,0,0,0,0,0,0,0,0,0,0,163755.5,6261.122175293043,6825.6028930665925,21492.002471923828,8212.498931884766,8759.252090454102,14603.160953368992,419926.0,67477.47506713867,1036800.0,1036800.0,2073600.0
sub01,2,1233.6,1507.9,40,frame545.jpg,0,0,0,0,0,0,0,0,0,0,0,0,0,163755.5,6261.122175293043,6825.6028930665925,21492.002471923828,8212.498931884766,8759.252090454102,14603.160953368992,419926.0,67477.47506713867,1036800.0,1036800.0,2073600.0
sub01,2,1043.1,1320.4,223,frame545.jpg,0,0,0,0,0,0,0,0,0,0,0,0,0,163755.5,6261.122175293043,6825.6028930665925,21492.002471923828,8212.498931884766,8759.252090454102,14603.160953368992,419926.0,67477.47506713867,1036800.0,1036800.0,2073600.0
sub01,2,1501.2,1488.2,24,frame545.jpg,0,0,0,0,0,0,0,0,0,0,0,0,0,163755.5,6261.122175293043,6825.6028930665925,21492.002471923828,8212.498931884766,8759.252090454102,14603.160953368992,419926.0,67477.47506713867,1036800.0,1036800.0,2073600.0
sub01,2,158.6,1059.4,39,frame545.jpg,0,0,0,0,0,0,0,0,0,1,0,1,1,163755.5,6261.122175293043,6825.6028930665925,21492.002471923828,8212.498931884766,8759.252090454102,14603.160953368992,419926.0,67477.47506713867,1036800.0,1036800.0,2073600.0
sub01,2,40.3,945.5,43,frame545.jpg,0,0,0,0,0,0,0,0,0,1,0,1,1,163755.5,6261.122175293043,6825.6028930665925,21492.002471923828,8212.498931884766,8759.252090454102,14603.160953368992,419926.0,67477.47506713867,1036800.0,1036800.0,2073600.0
sub02,1,970.4,1004.2,178,frame56.jpg,0,0,0,0,0,0,0,0,0,0,1,1,1,137940.5,6262.561600342393,6812.636751708575,18404.39599609375,8635.50033569336,8786.250534057617,18549.17974731326,341700.0,62636.93840107322,1036800.0,1036800.0,2073600.0
sub02,1,1335.9,926.0,600,frame56.jpg,0,0,0,0,0,0,0,0,0,0,1,1,1,137940.5,6262.561600342393,6812.636751708575,18404.39599609375,8635.50033569336,8786.250534057617,18549.17974731326,341700.0,62636.93840107322,1036800.0,1036800.0,2073600.0
sub02,1,1358.5,676.3,545,frame56.jpg,0,0,0,0,0,0,0,0,0,0,1,1,1,137940.5,6262.561600342393,6812.636751708575,18404.39599609375,8635.50033569336,8786.250534057617,18549.17974731326,341700.0,62636.93840107322,1036800.0,1036800.0,2073600.0
sub02,1,1336.0,878.5,1935,frame56.jpg,0,0,0,0,0,0,0,0,0,0,1,1,1,137940.5,6262.561600342393,6812.636751708575,18404.39599609375,8635.50033569336,8786.250534057617,18549.17974731326,341700.0,62636.93840107322,1036800.0,1036800.0,2073600.0
sub02,1,1264.7,1048.6,644,frame56.jpg,0,0,0,0,0,0,0,0,0,0,1,1,1,137940.5,6262.561600342393,6812.636751708575,18404.39599609375,8635.50033569336,8786.250534057617,18549.17974731326,341700.0,62636.93840107322,1036800.0,1036800.0,2073600.0
sub02,1,1353.4,792.5,53,frame56.jpg,0,0,0,0,0,0,0,0,0,0,1,1,1,137940.5,6262.561600342393,6812.636751708575,18404.39599609375,8635.50033569336,8786.250534057617,18549.17974731326,341700.0,62636.93840107322,1036800.0,1036800.0,2073600.0
sub02,1,1348.3,788.7,42,frame56.jpg,0,0,0,0,0,0,0,0,0,0,1,1,1,137940.5,6262.561600342393,6812.636751708575,18404.39599609375,8635.50033569336,8786.250534057617,18549.17974731326,341700.0,62636.93840107322,1036800.0,1036800.0,2073600.0
sub02,1,1340.8,795.3,187,frame56.jpg,0,0,0,0,0,0,0,0,0,0,1,1,1,137940.5,6262.561600342393,6812.636751708575,18404.39599609375,8635.50033569336,8786.250534057617,18549.17974731326,341700.0,62636.93840107322,1036800.0,1036800.0,2073600.0
sub02,1,1337.0,801.9,62,frame56.jpg,0,0,0,0,0,0,0,0,0,0,1,1,1,137940.5,6262.561600342393,6812.636751708575,18404.39599609375,8635.50033569336,8786.250534057617,18549.17974731326,341700.0,62636.93840107322,1036800.0,1036800.0,2073600.0
sub02,1,1337.8,795.0,88,frame56.jpg,0,0,0,0,0,0,0,0,0,0,1,1,1,137940.5,6262.561600342393,6812.636751708575,18404.39599609375,8635.50033569336,8786.250534057617,18549.17974731326,341700.0,62636.93840107322,1036800.0,1036800.0,2073600.0
sub02,1,1343.2,781.7,227,frame56.jpg,0,0,0,0,0,0,0,0,0,0,1,1,1,137940.5,6262.561600342393,6812.636751708575,18404.39599609375,8635.50033569336,8786.250534057617,18549.17974731326,341700.0,62636.93840107322,1036800.0,1036800.0,2073600.0
sub02,1,1292.3,1024.2,453,frame56.jpg,0,0,0,0,0,0,0,0,0,0,1,1,1,137940.5,6262.561600342393,6812.636751708575,18404.39599609375,8635.50033569336,8786.250534057617,18549.17974731326,341700.0,62636.93840107322,1036800.0,1036800.0,2073600.0
sub02,1,1259.8,812.1,532,frame56.jpg,0,0,0,0,0,0,0,0,0,0,1,1,1,137940.5,6262.561600342393,6812.636751708575,18404.39599609375,8635.50033569336,8786.250534057617,18549.17974731326,341700.0,62636.93840107322,1036800.0,1036800.0,2073600.0
sub02,1,1202.8,851.3,336,frame56.jpg,0,0,0,0,0,0,0,0,0,0,1,1,1,137940.5,6262.561600342393,6812.636751708575,18404.39599609375,8635.50033569336,8786.250534057617,18549.17974731326,341700.0,62636.93840107322,1036800.0,1036800.0,2073600.0
sub02,1,935.2,2826.4,59,frame56.jpg,0,0,0,0,0,0,0,0,0,0,0,0,0,137940.5,6262.561600342393,6812.636751708575,18404.39599609375,8635.50033569336,8786.250534057617,18549.17974731326,341700.0,62636.93840107322,1036800.0,1036800.0,2073600.0
sub02,1,1353.6,1745.5,39,frame56.jpg,0,0,0,0,0,0,0,0,0,0,0,0,0,137940.5,6262.561600342393,6812.636751708575,18404.39599609375,8635.50033569336,8786.250534057617,18549.17974731326,341700.0,62636.93840107322,1036800.0,1036800.0,2073600.0
sub02,1,1005.6,895.0,687,frame56.jpg,0,0,0,0,0,0,0,0,0,0,1,1,1,137940.5,6262.561600342393,6812.636751708575,18404.39599609375,8635.50033569336,8786.250534057617,18549.17974731326,341700.0,62636.93840107322,1036800.0,1036800.0,2073600.0
sub02,1,1347.8,1419.2,192,frame56.jpg,0,0,0,0,0,0,0,0,0,0,0,0,0,137940.5,6262.561600342393,6812.636751708575,18404.39599609375,8635.50033569336,8786.250534057617,18549.17974731326,341700.0,62636.93840107322,1036800.0,1036800.0,2073600.0
sub02,1,1354.4,971.0,961,frame56.jpg,0,0,0,0,0,0,0,0,0,0,1,1,1,137940.5,6262.561600342393,6812.636751708575,18404.39599609375,8635.50033569336,8786.250534057617,18549.17974731326,341700.0,62636.93840107322,1036800.0,1036800.0,2073600.0
sub02,1,1291.4,1128.9,918,frame56.jpg,0,0,0,0,0,0,0,0,0,0,0,0,0,137940.5,6262.561600342393,6812.636751708575,18404.39599609375,8635.50033569336,8786.250534057617,18549.17974731326,341700.0,62636.93840107322,1036800.0,1036800.0,2073600.0
sub02,1,1306.6,1241.8,551,frame56.jpg,0,0,0,0,0,0,0,0,0,0,0,0,0,137940.5,6262.561600342393,6812.636751708575,18404.39599609375,8635.50033569336,8786.250534057617,18549.17974731326,341700.0,62636.93840107322,1036800.0,1036800.0,2073600.0
sub02,1,1026.6,1376.7,413,frame56.jpg,0,0,0,0,0,0,0,0,0,0,0,0,0,137940.5,6262.561600342393,6812.636751708575,18404.39599609375,8635.50033569336,8786.250534057617,18549.17974731326,341700.0,62636.93840107322,1036800.0,1036800.0,2073600.0
sub02,1,1301.1,1057.1,1212,frame56.jpg,0,0,0,0,0,0,0,0,0,0,1,1,1,137940.5,6262.561600342393,6812.636751708575,18404.39599609375,8635.50033569336,8786.250534057617,18549.17974731326,341700.0,62636.93840107322,1036800.0,1036800.0,2073600.0
sub02,1,1284.4,1076.2,920,frame56.jpg,0,0,0,0,0,0,0,0,0,0,1,1,1,137940.5,6262.561600342393,6812.636751708575,18404.39599609375,8635.50033569336,8786.250534057617,18549.17974731326,341700.0,62636.93840107322,1036800.0,1036800.0,2073600.0
sub02,1,1555.5,1232.9,32,frame56.jpg,0,0,0,0,0,0,0,0,0,0,0,0,0,137940.5,6262.561600342393,6812.636751708575,18404.39599609375,8635.50033569336,8786.250534057617,18549.17974731326,341700.0,62636.93840107322,1036800.0,1036800.0,2073600.0
sub02,1,1676.0,1520.1,285,frame56.jpg,0,0,0,0,0,0,0,0,0,0,0,0,0,137940.5,6262.561600342393,6812.636751708575,18404.39599609375,8635.50033569336,8786.250534057617,18549.17974731326,341700.0,62636.93840107322,1036800.0,1036800.0,2073600.0
sub02,1,1688.4,1502.5,224,frame56.jpg,0,0,0,0,0,0,0,0,0,0,0,0,0,137940.5,6262.561600342393,6812.636751708575,18404.39599609375,8635.50033569336,8786.250534057617,18549.17974731326,341700.0,62636.93840107322,1036800.0,1036800.0,2073600.0
sub02,1,1687.1,1518.4,53,frame56.jpg,0,0,0,0,0,0,0,0,0,0,0,0,0,137940.5,6262.561600342393,6812.636751708575,18404.39599609375,8635.50033569336,8786.250534057617,18549.17974731326,341700.0,62636.93840107322,1036800.0,1036800.0,2073600.0
sub02,1,1688.3,1505.0,195,frame56.jpg,0,0,0,0,0,0,0,0,0,0,0,0,0,137940.5,6262.561600342393,6812.636751708575,18404.39599609375,8635.50033569336,8786.250534057617,18549.17974731326,341700.0,62636.93840107322,1036800.0,1036800.0,2073600.0
sub02,1,1688.1,1509.7,56,frame56.jpg,0,0,0,0,0,0,0,0,0,0,0,0,0,137940.5,6262.561600342393,6812.636751708575,18404.39599609375,8635.50033569336,8786.250534057617,18549.17974731326,341700.0,62636.93840107322,1036800.0,1036800.0,2073600.0
sub02,1,1682.8,1509.7,114,frame56.jpg,0,0,0,0,0,0,0,0,0,0,0,0,0,137940.5,6262.561600342393,6812.636751708575,18404.39599609375,8635.50033569336,8786.250534057617,18549.17974731326,341700.0,62636.93840107322,1036800.0,1036800.0,2073600.0
sub02,1,1291.1,937.0,820,frame56.jpg,0,0,0,0,0,0,0,0,0,0,1,1,1,137940.5,6262.561600342393,6812.636751708575,18404.39599609375,8635.50033569336,8786.250534057617,18549.17974731326,341700.0,62636.93840107322,1036800.0,1036800.0,2073600.0
sub02,1,1266.6,1092.6,467,frame56.jpg,0,0,0,0,0,0,0,0,0,0,0,0,0,137940.5,6262.561600342393,6812.636751708575,18404.39599609375,8635.50033569336,8786.250534057617,18549.17974731326,341700.0,62636.93840107322,1036800.0,1036800.0,2073600.0
sub02,1,1265.0,1175.0,1213,frame56.jpg,0,0,0,0,0,0,0,0,0,0,0,0,0,137940.5,6262.561600342393,6812.636751708575,18404.39599609375,8635.50033569336,8786.250534057617,18549.17974731326,341700.0,62636.93840107322,1036800.0,1036800.0,2073600.0
sub02,1,1482.3,1531.8,457,frame56.jpg,0,0,0,0,0,0,0,0,0,0,0,0,0,137940.5,6262.561600342393,6812.636751708575,18404.39599609375,8635.50033569336,8786.250534057617,18549.17974731326,341700.0,62636.93840107322,1036800.0,1036800.0,2073600.0
sub02,1,1613.1,1436.1,769,frame56.jpg,0,0,0,0,0,0,0,0,0,0,0,0,0,137940.5,6262.561600342393,6812.636751708575,18404.39599609375,8635.50033569336,8786.250534057617,18549.17974731326,341700.0,62636.93840107322,1036800.0,1036800.0,2073600.0
sub02,1,1776.8,1500.6,587,frame56.jpg,0,0,0,0,0,0,0,0,0,0,0,0,0,137940.5,6262.561600342393,6812.636751708575,18404.39599609375,8635.50033569336,8786.250534057617,18549.17974731326,341700.0,62636.93840107322,1036800.0,1036800.0,2073600.0
sub02,1,1259.0,1234.2,516,frame56.jpg,0,0,0,0,0,0,0,0,0,0,0,0,0,137940.5,6262.561600342393,6812.636751708575,18404.39599609375,8635.50033569336,8786.250534057617,18549.17974731326,341700.0,62636.93840107322,1036800.0,1036800.0,2073600.0
sub02,1,1709.3,2742.5,235,frame56.jpg,0,0,0,0,0,0,0,0,0,0,0,0,0,137940.5,6262.561600342393,6812.636751708575,18404.39599609375,8635.50033569336,8786.250534057617,18549.17974731326,341700.0,62636.93840107322,1036800.0,1036800.0,2073600.0
sub02,1,1232.7,2449.4,473,frame56.jpg,0,0,0,0,0,0,0,0,0,0,0,0,0,137940.5,6262.561600342393,6812.636751708575,18404.39599609375,8635.50033569336,8786.250534057617,18549.17974731326,341700.0,62636.93840107322,1036800.0,1036800.0,2073600.0
sub02,1,1101.3,2477.3,686,frame56.jpg,0,0,0,0,0,0,0,0,0,0,0,0,0,137940.5,6262.561600342393,6812.636751708575,18404.39599609375,8635.50033569336,8786.250534057617,18549.17974731326,341700.0,62636.93840107322,1036800.0,1036800.0,2073600.0
sub02,1,1364.8,1197.0,95,frame56.jpg,0,0,0,0,0,0,0,0,0,0,0,0,0,137940.5,6262.561600342393,6812.636751708575,18404.39599609375,8635.50033569336,8786.250534057617,18549.17974731326,341700.0,62636.93840107322,1036800.0,1036800.0,2073600.0
sub02,1,1342.1,1141.0,29,frame56.jpg,0,0,0,0,0,0,0,0,0,0,0,0,0,137940.5,6262.561600342393,6812.636751708575,18404.39599609375,8635.50033569336,8786.250534057617,18549.17974731326,341700.0,62636.93840107322,1036800.0,1036800.0,2073600.0
sub02,1,1341.1,1033.7,855,frame56.jpg,0,0,0,0,0,0,0,0,0,0,1,1,1,137940.5,6262.561600342393,6812.636751708575,18404.39599609375,8635.50033569336,8786.250534057617,18549.17974731326,341700.0,62636.93840107322,1036800.0,1036800.0,2073600.0
sub02,1,1356.1,1150.1,675,frame56.jpg,0,0,0,0,0,0,0,0,0,0,0,0,0,137940.5,6262.561600342393,6812.636751708575,18404.39599609375,8635.50033569336,8786.250534057617,18549.17974731326,341700.0,62636.93840107322,1036800.0,1036800.0,2073600.0
sub02,1,1278.2,1154.0,151,frame56.jpg,0,0,0,0,0,0,0,0,0,0,0,0,0,137940.5,6262.561600342393,6812.636751708575,18404.39599609375,8635.50033569336,8786.250534057617,18549.17974731326,341700.0,62636.93840107322,1036800.0,1036800.0,2073600.0
sub02,1,1291.6,1142.4,77,frame56.jpg,0,0,0,0,0,0,0,0,0,0,0,0,0,137940.5,6262.561600342393,6812.636751708575,18404.39599609375,8635.50033569336,8786.250534057617,18549.17974731326,341700.0,62636.93840107322,1036800.0,1036800.0,2073600.0
sub02,1,1287.3,1165.6,36,frame56.jpg,0,0,0,0,0,0,0,0,0,0,0,0,0,137940.5,6262.561600342393,6812.636751708575,18404.39599609375,8635.50033569336,8786.250534057617,18549.17974731326,341700.0,62636.93840107322,1036800.0,1036800.0,2073600.0
sub02,1,1798.7,1586.0,75,frame56.jpg,0,0,0,0,0,0,0,0,0,0,0,0,0,137940.5,6262.561600342393,6812.636751708575,18404.39599609375,8635.50033569336,8786.250534057617,18549.17974731326,341700.0,62636.93840107322,1036800.0,1036800.0,2073600.0
sub02,1,1819.3,1592.0,170,frame56.jpg,0,0,0,0,0,0,0,0,0,0,0,0,0,137940.5,6262.561600342393,6812.636751708575,18404.39599609375,8635.50033569336,8786.250534057617,18549.17974731326,341700.0,62636.93840107322,1036800.0,1036800.0,2073600.0
sub02,1,1574.6,1466.5,67,frame56.jpg,0,0,0,0,0,0,0,0,0,0,0,0,0,137940.5,6262.561600342393,6812.636751708575,18404.39599609375,8635.50033569336,8786.250534057617,18549.17974731326,341700.0,62636.93840107322,1036800.0,1036800.0,2073600.0
sub02,1,1581.6,1448.5,190,frame56.jpg,0,0,0,0,0,0,0,0,0,0,0,0,0,137940.5,6262.561600342393,6812.636751708575,18404.39599609375,8635.50033569336,8786.250534057617,18549.17974731326,341700.0,62636.93840107322,1036800.0,1036800.0,2073600.0
sub02,1,1579.3,1438.4,90,frame56.jpg,0,0,0,0,0,0,0,0,0,0,0,0,0,137940.5,6262.561600342393,6812.636751708575,18404.39599609375,8635.50033569336,8786.250534057617,18549.17974731326,341700.0,62636.93840107322,1036800.0,1036800.0,2073600.0
sub02,1,1573.1,1421.2,153,frame56.jpg,0,0,0,0,0,0,0,0,0,0,0,0,0,137940.5,6262.561600342393,6812.636751708575,18404.39599609375,8635.50033569336,8786.250534057617,18549.17974731326,341700.0,62636.93840107322,1036800.0,1036800.0,2073600.0
sub02,1,1323.9,945.0,61,frame56.jpg,0,0,0,0,0,0,0,0,0,0,1,1,1,137940.5,6262.561600342393,6812.636751708575,18404.39599609375,8635.50033569336,8786.250534057617,18549.17974731326,341700.0,62636.93840107322,1036800.0,1036800.0,2073600.0
sub02,1,1316.1,888.5,218,frame56.jpg,0,0,0,0,0,0,0,0,0,0,1,1,1,137940.5,6262.561600342393,6812.636751708575,18404.39599609375,8635.50033569336,8786.250534057617,18549.17974731326,341700.0,62636.93840107322,1036800.0,1036800.0,2073600.0
sub02,1,1275.7,820.6,31,frame56.jpg,0,0,0,0,0,0,0,0,0,0,1,1,1,137940.5,6262.561600342393,6812.636751708575,18404.39599609375,8635.50033569336,8786.250534057617,18549.17974731326,341700.0,62636.93840107322,1036800.0,1036800.0,2073600.0
sub02,1,1278.2,797.7,151,frame56.jpg,0,0,0,0,0,0,0,0,0,0,1,1,1,137940.5,6262.561600342393,6812.636751708575,18404.39599609375,8635.50033569336,8786.250534057617,18549.17974731326,341700.0,62636.93840107322,1036800.0,1036800.0,2073600.0
sub02,1,1268.4,809.1,36,frame56.jpg,0,0,0,0,0,0,0,0,0,0,1,1,1,137940.5,6262.561600342393,6812.636751708575,18404.39599609375,8635.50033569336,8786.250534057617,18549.17974731326,341700.0,62636.93840107322,1036800.0,1036800.0,2073600.0
sub02,1,1237.6,1010.5,126,frame56.jpg,0,0,0,0,0,0,0,0,0,0,1,1,1,137940.5,6262.561600342393,6812.636751708575,18404.39599609375,8635.50033569336,8786.250534057617,18549.17974731326,341700.0,62636.93840107322,1036800.0,1036800.0,2073600.0
sub02,1,1233.2,1015.3,57,frame56.jpg,0,0,0,0,0,0,0,0,0,0,1,1,1,137940.5,6262.561600342393,6812.636751708575,18404.39599609375,8635.50033569336,8786.250534057617,18549.17974731326,341700.0,62636.93840107322,1036800.0,1036800.0,2073600.0
sub02,1,1234.4,1024.7,113,frame56.jpg,0,0,0,0,0,0,0,0,0,0,1,1,1,137940.5,6262.561600342393,6812.636751708575,18404.39599609375,8635.50033569336,8786.250534057617,18549.17974731326,341700.0,62636.93840107322,1036800.0,1036800.0,2073600.0
sub02,1,1237.5,1005.2,42,frame56.jpg,0,0,0,0,0,0,0,0,0,0,1,1,1,137940.5,6262.561600342393,6812.636751708575,18404.39599609375,8635.50033569336,8786.250534057617,18549.17974731326,341700.0,62636.93840107322,1036800.0,1036800.0,2073600.0
sub02,1,1234.6,1017.2,25,frame56.jpg,0,0,0,0,0,0,0,0,0,0,1,1,1,137940.5,6262.561600342393,6812.636751708575,18404.39599609375,8635.50033569336,8786.250534057617,18549.17974731326,341700.0,62636.93840107322,1036800.0,1036800.0,2073600.0
sub02,1,1236.3,1013.3,24,frame56.jpg,0,0,0,0,0,0,0,0,0,0,1,1,1,137940.5,6262.561600342393,6812.636751708575,18404.39599609375,8635.50033569336,8786.250534057617,18549.17974731326,341700.0,62636.93840107322,1036800.0,1036800.0,2073600.0
sub02,1,1467.0,1559.1,326,frame56.jpg,0,0,0,0,0,0,0,0,0,0,0,0,0,137940.5,6262.561600342393,6812.636751708575,18404.39599609375,8635.50033569336,8786.250534057617,18549.17974731326,341700.0,62636.93840107322,1036800.0,1036800.0,2073600.0
sub02,1,1466.7,888.9,259,frame56.jpg,0,0,0,0,0,0,0,0,0,0,1,1,1,137940.5,6262.561600342393,6812.636751708575,18404.39599609375,8635.50033569336,8786.250534057617,18549.17974731326,341700.0,62636.93840107322,1036800.0,1036800.0,2073600.0
sub02,1,1474.8,1105.5,61,frame56.jpg,0,0,0,0,0,0,0,0,0,0,0,0,0,137940.5,6262.561600342393,6812.636751708575,18404.39599609375,8635.50033569336,8786.250534057617,18549.17974731326,341700.0,62636.93840107322,1036800.0,1036800.0,2073600.0
sub02,1,1466.4,1117.3,737,frame56.jpg,0,0,0,0,0,0,0,0,0,0,0,0,0,137940.5,6262.561600342393,6812.636751708575,18404.39599609375,8635.50033569336,8786.250534057617,18549.17974731326,341700.0,62636.93840107322,1036800.0,1036800.0,2073600.0
sub02,1,1428.5,1127.8,597,frame56.jpg,0,0,0,0,0,0,0,0,0,0,0,0,0,137940.5,6262.561600342393,6812.636751708575,18404.39599609375,8635.50033569336,8786.250534057617,18549.17974731326,341700.0,62636.93840107322,1036800.0,1036800.0,2073600.0
sub02,1,713.6,2586.8,45,frame56.jpg,0,0,0,0,0,0,0,0,0,0,0,0,0,137940.5,6262.561600342393,6812.636751708575,18404.39599609375,8635.50033569336,8786.250534057617,18549.17974731326,341700.0,62636.93840107322,1036800.0,1036800.0,2073600.0
sub02,1,1398.1,1112.9,206,frame56.jpg,0,0,0,0,0,0,0,0,0,0,0,0,0,137940.5,6262.561600342393,6812.636751708575,18404.39599609375,8635.50033569336,8786.250534057617,18549.17974731326,341700.0,62636.93840107322,1036800.0,1036800.0,2073600.0
sub02,1,1434.0,858.6,63,frame56.jpg,0,0,0,0,0,0,0,0,0,0,1,1,1,137940.5,6262.561600342393,6812.636751708575,18404.39599609375,8635.50033569336,8786.250534057617,18549.17974731326,341700.0,62636.93840107322,1036800.0,1036800.0,2073600.0
sub02,1,1240.1,717.2,21,frame56.jpg,0,0,0,0,0,0,0,0,0,0,1,1,1,137940.5,6262.561600342393,6812.636751708575,18404.39599609375,8635.50033569336,8786.250534057617,18549.17974731326,341700.0,62636.93840107322,1036800.0,1036800.0,2073600.0
sub02,1,1209.0,790.0,117,frame56.jpg,0,0,0,0,0,0,0,0,0,0,1,1,1,137940.5,6262.561600342393,6812.636751708575,18404.39599609375,8635.50033569336,8786.250534057617,18549.17974731326,341700.0,62636.93840107322,1036800.0,1036800.0,2073600.0
sub02,1,1209.3,861.0,46,frame56.jpg,0,0,0,0,0,0,0,0,0,0,1,1,1,137940.5,6262.561600342393,6812.636751708575,18404.39599609375,8635.50033569336,8786.250534057617,18549.17974731326,341700.0,62636.93840107322,1036800.0,1036800.0,2073600.0
sub02,1,1234.0,920.9,125,frame56.jpg,0,0,0,0,0,0,0,0,0,0,1,1,1,137940.5,6262.561600342393,6812.636751708575,18404.39599609375,8635.50033569336,8786.250534057617,18549.17974731326,341700.0,62636.93840107322,1036800.0,1036800.0,2073600.0
sub02,1,1223.3,956.5,48,frame56.jpg,0,0,0,0,0,0,0,0,0,0,1,1,1,137940.5,6262.561600342393,6812.636751708575,18404.39599609375,8635.50033569336,8786.250534057617,18549.17974731326,341700.0,62636.93840107322,1036800.0,1036800.0,2073600.0
sub02,1,1212.4,969.5,91,frame56.jpg,0,0,0,0,0,0,0,0,0,0,1,1,1,137940.5,6262.561600342393,6812.636751708575,18404.39599609375,8635.50033569336,8786.250534057617,18549.17974731326,341700.0,62636.93840107322,1036800.0,1036800.0,2073600.0
sub02,1,1161.4,1077.9,338,frame56.jpg,0,0,0,0,0,0,0,0,0,0,1,1,1,137940.5,6262.561600342393,6812.636751708575,18404.39599609375,8635.50033569336,8786.250534057617,18549.17974731326,341700.0,62636.93840107322,1036800.0,1036800.0,2073600.0
sub02,1,1405.8,962.6,32,frame56.jpg,0,0,0,0,0,0,0,0,0,0,1,1,1,137940.5,6262.561600342393,6812.636751708575,18404.39599609375,8635.50033569336,8786.250534057617,18549.17974731326,341700.0,62636.93840107322,1036800.0,1036800.0,2073600.0
sub02,1,1447.6,1025.6,1123,frame56.jpg,0,0,0,0,0,0,0,0,0,0,1,1,1,137940.5,6262.561600342393,6812.636751708575,18404.39599609375,8635.50033569336,8786.250534057617,18549.17974731326,341700.0,62636.93840107322,1036800.0,1036800.0,2073600.0
sub02,1,1174.1,1017.2,276,frame56.jpg,0,0,0,0,0,0,0,0,0,0,1,1,1,137940.5,6262.561600342393,6812.636751708575,18404.39599609375,8635.50033569336,8786.250534057617,18549.17974731326,341700.0,62636.93840107322,1036800.0,1036800.0,2073600.0
sub02,1,1184.2,1027.1,179,frame56.jpg,0,0,0,0,0,0,0,0,0,0,1,1,1,137940.5,6262.561600342393,6812.636751708575,18404.39599609375,8635.50033569336,8786.250534057617,18549.17974731326,341700.0,62636.93840107322,1036800.0,1036800.0,2073600.0
sub02,1,1423.3,1020.0,241,frame56.jpg,0,0,0,0,0,0,0,0,0,0,1,1,1,137940.5,6262.561600342393,6812.636751708575,18404.39599609375,8635.50033569336,8786.250534057617,18549.17974731326,341700.0,62636.93840107322,1036800.0,1036800.0,2073600.0
sub02,1,1454.5,1002.0,1382,frame56.jpg,0,0,0,0,0,0,0,0,0,0,1,1,1,137940.5,6262.561600342393,6812.636751708575,18404.39599609375,8635.50033569336,8786.250534057617,18549.17974731326,341700.0,62636.93840107322,1036800.0,1036800.0,2073600.0
sub02,1,1468.2,1012.0,300,frame56.jpg,0,0,0,0,0,0,0,0,0,0,1,1,1,137940.5,6262.561600342393,6812.636751708575,18404.39599609375,8635.50033569336,8786.250534057617,18549.17974731326,341700.0,62636.93840107322,1036800.0,1036800.0,2073600.0
sub02,1,1468.0,1034.1,153,frame56.jpg,0,0,0,0,0,0,0,0,0,0,1,1,1,137940.5,6262.561600342393,6812.636751708575,18404.39599609375,8635.50033569336,8786.250534057617,18549.17974731326,341700.0,62636.93840107322,1036800.0,1036800.0,2073600.0
sub02,1,1295.3,884.6,326,frame56.jpg,0,0,0,0,0,0,0,0,0,0,1,1,1,137940.5,6262.561600342393,6812.636751708575,18404.39599609375,8635.50033569336,8786.250534057617,18549.17974731326,341700.0,62636.93840107322,1036800.0,1036800.0,2073600.0
sub02,1,1272.0,824.8,1531,frame56.jpg,0,0,0,0,0,0,0,0,0,0,1,1,1,137940.5,6262.561600342393,6812.636751708575,18404.39599609375,8635.50033569336,8786.250534057617,18549.17974731326,341700.0,62636.93840107322,1036800.0,1036800.0,2073600.0
sub02,1,1832.1,733.7,426,frame56.jpg,0,0,0,0,0,0,0,0,0,0,1,1,1,137940.5,6262.561600342393,6812.636751708575,18404.39599609375,8635.50033569336,8786.250534057617,18549.17974731326,341700.0,62636.93840107322,1036800.0,1036800.0,2073600.0
sub02,1,1014.6,805.8,197,frame56.jpg,1,0,0,0,0,0,0,1,0,0,1,1,0,137940.5,6262.561600342393,6812.636751708575,18404.39599609375,8635.50033569336,8786.250534057617,18549.17974731326,341700.0,62636.93840107322,1036800.0,1036800.0,2073600.0
sub02,1,831.7,808.7,691,frame56.jpg,1,0,0,0,0,0,0,1,0,1,0,1,0,137940.5,6262.561600342393,6812.636751708575,18404.39599609375,8635.50033569336,8786.250534057617,18549.17974731326,341700.0,62636.93840107322,1036800.0,1036800.0,2073600.0
sub02,1,818.9,823.2,100,frame56.jpg,1,0,0,0,0,0,0,1,0,1,0,1,0,137940.5,6262.561600342393,6812.636751708575,18404.39599609375,8635.50033569336,8786.250534057617,18549.17974731326,341700.0,62636.93840107322,1036800.0,1036800.0,2073600.0
sub02,1,826.8,823.8,33,frame56.jpg,1,0,0,0,0,0,0,1,0,1,0,1,0,137940.5,6262.561600342393,6812.636751708575,18404.39599609375,8635.50033569336,8786.250534057617,18549.17974731326,341700.0,62636.93840107322,1036800.0,1036800.0,2073600.0
sub02,1,822.5,832.2,31,frame56.jpg,1,0,0,0,0,0,0,1,0,1,0,1,0,137940.5,6262.561600342393,6812.636751708575,18404.39599609375,8635.50033569336,8786.250534057617,18549.17974731326,341700.0,62636.93840107322,1036800.0,1036800.0,2073600.0
sub02,1,830.3,826.6,223,frame56.jpg,1,0,0,0,0,0,0,1,0,1,0,1,0,137940.5,6262.561600342393,6812.636751708575,18404.39599609375,8635.50033569336,8786.250534057617,18549.17974731326,341700.0,62636.93840107322,1036800.0,1036800.0,2073600.0
sub02,1,1930.8,818.6,24,frame56.jpg,0,0,0,0,0,0,0,0,0,0,0,0,0,137940.5,6262.561600342393,6812.636751708575,18404.39599609375,8635.50033569336,8786.250534057617,18549.17974731326,341700.0,62636.93840107322,1036800.0,1036800.0,2073600.0
sub02,1,1935.7,819.8,120,frame56.jpg,0,0,0,0,0,0,0,0,0,0,0,0,0,137940.5,6262.561600342393,6812.636751708575,18404.39599609375,8635.50033569336,8786.250534057617,18549.17974731326,341700.0,62636.93840107322,1036800.0,1036800.0,2073600.0
sub02,1,1896.0,763.2,254,frame56.jpg,0,0,0,0,0,0,0,0,0,0,1,1,1,137940.5,6262.561600342393,6812.636751708575,18404.39599609375,8635.50033569336,8786.250534057617,18549.17974731326,341700.0,62636.93840107322,1036800.0,1036800.0,2073600.0
sub02,1,2754.8,1262.8,218,frame56.jpg,0,0,0,0,0,0,0,0,0,0,0,0,0,137940.5,6262.561600342393,6812.636751708575,18404.39599609375,8635.50033569336,8786.250534057617,18549.17974731326,341700.0,62636.93840107322,1036800.0,1036800.0,2073600.0
sub02,1,2868.4,1384.6,269,frame56.jpg,0,0,0,0,0,0,0,0,0,0,0,0,0,137940.5,6262.561600342393,6812.636751708575,18404.39599609375,8635.50033569336,8786.250534057617,18549.17974731326,341700.0,62636.93840107322,1036800.0,1036800.0,2073600.0
sub02,1,2921.3,1472.6,337,frame56.jpg,0,0,0,0,0,0,0,0,0,0,0,0,0,137940.5,6262.561600342393,6812.636751708575,18404.39599609375,8635.50033569336,8786.250534057617,18549.17974731326,341700.0,62636.93840107322,1036800.0,1036800.0,2073600.0
sub02,1,1661.6,649.2,232,frame56.jpg,0,0,0,0,0,0,0,0,0,0,1,1,1,137940.5,6262.561600342393,6812.636751708575,18404.39599609375,8635.50033569336,8786.250534057617,18549.17974731326,341700.0,62636.93840107322,1036800.0,1036800.0,2073600.0
sub02,1,1740.0,753.3,229,frame56.jpg,0,0,0,0,0,0,0,0,0,0,1,1,1,137940.5,6262.561600342393,6812.636751708575,18404.39599609375,8635.50033569336,8786.250534057617,18549.17974731326,341700.0,62636.93840107322,1036800.0,1036800.0,2073600.0
sub02,1,1737.8,759.7,197,frame56.jpg,0,0,0,0,0,0,0,0,0,0,1,1,1,137940.5,6262.561600342393,6812.636751708575,18404.39599609375,8635.50033569336,8786.250534057617,18549.17974731326,341700.0,62636.93840107322,1036800.0,1036800.0,2073600.0
sub02,1,1729.9,772.2,55,frame56.jpg,0,0,0,0,0,0,0,0,0,0,1,1,1,137940.5,6262.561600342393,6812.636751708575,18404.39599609375,8635.50033569336,8786.250534057617,18549.17974731326,341700.0,62636.93840107322,1036800.0,1036800.0,2073600.0
sub02,1,1078.6,2550.4,146,frame56.jpg,0,0,0,0,0,0,0,0,0,0,0,0,0,137940.5,6262.561600342393,6812.636751708575,18404.39599609375,8635.50033569336,8786.250534057617,18549.17974731326,341700.0,62636.93840107322,1036800.0,1036800.0,2073600.0
sub02,1,1221.0,2512.6,97,frame56.jpg,0,0,0,0,0,0,0,0,0,0,0,0,0,137940.5,6262.561600342393,6812.636751708575,18404.39599609375,8635.50033569336,8786.250534057617,18549.17974731326,341700.0,62636.93840107322,1036800.0,1036800.0,2073600.0
sub02,1,1210.4,2486.7,40,frame56.jpg,0,0,0,0,0,0,0,0,0,0,0,0,0,137940.5,6262.561600342393,6812.636751708575,18404.39599609375,8635.50033569336,8786.250534057617,18549.17974731326,341700.0,62636.93840107322,1036800.0,1036800.0,2073600.0
sub02,1,1160.8,2441.6,78,frame56.jpg,0,0,0,0,0,0,0,0,0,0,0,0,0,137940.5,6262.561600342393,6812.636751708575,18404.39599609375,8635.50033569336,8786.250534057617,18549.17974731326,341700.0,62636.93840107322,1036800.0,1036800.0,2073600.0
sub02,1,1186.4,2505.6,86,frame56.jpg,0,0,0,0,0,0,0,0,0,0,0,0,0,137940.5,6262.561600342393,6812.636751708575,18404.39599609375,8635.50033569336,8786.250534057617,18549.17974731326,341700.0,62636.93840107322,1036800.0,1036800.0,2073600.0
sub02,1,1854.1,1532.2,29,frame56.jpg,0,0,0,0,0,0,0,0,0,0,0,0,0,137940.5,6262.561600342393,6812.636751708575,18404.39599609375,8635.50033569336,8786.250534057617,18549.17974731326,341700.0,62636.93840107322,1036800.0,1036800.0,2073600.0
sub02,1,1765.3,1704.0,115,frame56.jpg,0,0,0,0,0,0,0,0,0,0,0,0,0,137940.5,6262.561600342393,6812.636751708575,18404.39599609375,8635.50033569336,8786.250534057617,18549.17974731326,341700.0,62636.93840107322,1036800.0,1036800.0,2073600.0
sub02,1,1731.1,1595.4,335,frame56.jpg,0,0,0,0,0,0,0,0,0,0,0,0,0,137940.5,6262.561600342393,6812.636751708575,18404.39599609375,8635.50033569336,8786.250534057617,18549.17974731326,341700.0,62636.93840107322,1036800.0,1036800.0,2073600.0
sub02,1,1716.6,1604.0,22,frame56.jpg,0,0,0,0,0,0,0,0,0,0,0,0,0,137940.5,6262.561600342393,6812.636751708575,18404.39599609375,8635.50033569336,8786.250534057617,18549.17974731326,341700.0,62636.93840107322,1036800.0,1036800.0,2073600.0
sub02,1,1757.3,1746.5,278,frame56.jpg,0,0,0,0,0,0,0,0,0,0,0,0,0,137940.5,6262.561600342393,6812.636751708575,18404.39599609375,8635.50033569336,8786.250534057617,18549.17974731326,341700.0,62636.93840107322,1036800.0,1036800.0,2073600.0
sub02,1,856.7,850.7,166,frame56.jpg,0,0,0,0,0,0,0,0,0,1,0,1,1,137940.5,6262.561600342393,6812.636751708575,18404.39599609375,8635.50033569336,8786.250534057617,18549.17974731326,341700.0,62636.93840107322,1036800.0,1036800.0,2073600.0
sub02,1,885.7,827.3,126,frame56.jpg,1,0,0,0,0,0,0,1,0,1,0,1,0,137940.5,6262.561600342393,6812.636751708575,18404.39599609375,8635.50033569336,8786.250534057617,18549.17974731326,341700.0,62636.93840107322,1036800.0,1036800.0,2073600.0
sub02,1,802.5,813.6,493,frame56.jpg,1,0,0,0,0,0,0,1,0,1,0,1,0,137940.5,6262.561600342393,6812.636751708575,18404.39599609375,8635.50033569336,8786.250534057617,18549.17974731326,341700.0,62636.93840107322,1036800.0,1036800.0,2073600.0
sub02,1,1844.5,582.3,485,frame56.jpg,0,0,0,0,0,0,0,0,0,0,1,1,1,137940.5,6262.561600342393,6812.636751708575,18404.39599609375,8635.50033569336,8786.250534057617,18549.17974731326,341700.0,62636.93840107322,1036800.0,1036800.0,2073600.0
sub02,1,1903.1,696.8,807,frame56.jpg,0,0,0,0,0,0,0,0,0,0,1,1,1,137940.5,6262.561600342393,6812.636751708575,18404.39599609375,8635.50033569336,8786.250534057617,18549.17974731326,341700.0,62636.93840107322,1036800.0,1036800.0,2073600.0
sub02,1,1605.4,1151.7,222,frame56.jpg,0,0,0,0,0,0,0,0,0,0,0,0,0,137940.5,6262.561600342393,6812.636751708575,18404.39599609375,8635.50033569336,8786.250534057617,18549.17974731326,341700.0,62636.93840107322,1036800.0,1036800.0,2073600.0
sub02,1,810.1,847.2,1006,frame56.jpg,0,0,0,0,0,0,0,0,0,1,0,1,1,137940.5,6262.561600342393,6812.636751708575,18404.39599609375,8635.50033569336,8786.250534057617,18549.17974731326,341700.0,62636.93840107322,1036800.0,1036800.0,2073600.0
sub02,1,1693.8,789.3,428,frame56.jpg,0,0,0,0,0,0,0,0,0,0,1,1,1,137940.5,6262.561600342393,6812.636751708575,18404.39599609375,8635.50033569336,8786.250534057617,18549.17974731326,341700.0,62636.93840107322,1036800.0,1036800.0,2073600.0
sub02,1,1696.9,770.6,163,frame56.jpg,0,0,0,0,0,0,0,0,0,0,1,1,1,137940.5,6262.561600342393,6812.636751708575,18404.39599609375,8635.50033569336,8786.250534057617,18549.17974731326,341700.0,62636.93840107322,1036800.0,1036800.0,2073600.0
sub02,1,1693.8,770.7,111,frame56.jpg,0,0,0,0,0,0,0,0,0,0,1,1,1,137940.5,6262.561600342393,6812.636751708575,18404.39599609375,8635.50033569336,8786.250534057617,18549.17974731326,341700.0,62636.93840107322,1036800.0,1036800.0,2073600.0
sub02,1,1743.6,760.8,269,frame56.jpg,0,0,0,0,0,0,0,0,0,0,1,1,1,137940.5,6262.561600342393,6812.636751708575,18404.39599609375,8635.50033569336,8786.250534057617,18549.17974731326,341700.0,62636.93840107322,1036800.0,1036800.0,2073600.0
sub02,1,1984.6,724.7,337,frame56.jpg,0,0,0,0,0,0,0,0,0,0,0,0,0,137940.5,6262.561600342393,6812.636751708575,18404.39599609375,8635.50033569336,8786.250534057617,18549.17974731326,341700.0,62636.93840107322,1036800.0,1036800.0,2073600.0
sub02,1,1903.0,740.1,529,frame56.jpg,0,0,0,0,0,0,0,0,0,0,1,1,1,137940.5,6262.561600342393,6812.636751708575,18404.39599609375,8635.50033569336,8786.250534057617,18549.17974731326,341700.0,62636.93840107322,1036800.0,1036800.0,2073600.0
sub02,1,765.6,1058.2,110,frame56.jpg,0,0,0,0,0,0,0,0,0,1,0,1,1,137940.5,6262.561600342393,6812.636751708575,18404.39599609375,8635.50033569336,8786.250534057617,18549.17974731326,341700.0,62636.93840107322,1036800.0,1036800.0,2073600.0
sub02,1,895.9,882.4,292,frame56.jpg,0,0,0,0,0,0,0,0,0,1,0,1,1,137940.5,6262.561600342393,6812.636751708575,18404.39599609375,8635.50033569336,8786.250534057617,18549.17974731326,341700.0,62636.93840107322,1036800.0,1036800.0,2073600.0
sub02,1,909.6,892.4,30,frame56.jpg,0,0,0,0,0,0,0,0,0,1,0,1,1,137940.5,6262.561600342393,6812.636751708575,18404.39599609375,8635.50033569336,8786.250534057617,18549.17974731326,341700.0,62636.93840107322,1036800.0,1036800.0,2073600.0
sub02,1,876.6,874.5,59,frame56.jpg,0,0,0,0,0,0,0,0,0,1,0,1,1,137940.5,6262.561600342393,6812.636751708575,18404.39599609375,8635.50033569336,8786.250534057617,18549.17974731326,341700.0,62636.93840107322,1036800.0,1036800.0,2073600.0
sub02,1,862.0,872.5,35,frame56.jpg,0,0,0,0,0,0,0,0,0,1,0,1,1,137940.5,6262.561600342393,6812.636751708575,18404.39599609375,8635.50033569336,8786.250534057617,18549.17974731326,341700.0,62636.93840107322,1036800.0,1036800.0,2073600.0
sub02,1,841.8,844.2,25,frame56.jpg,0,0,0,0,0,0,0,0,0,1,0,1,1,137940.5,6262.561600342393,6812.636751708575,18404.39599609375,8635.50033569336,8786.250534057617,18549.17974731326,341700.0,62636.93840107322,1036800.0,1036800.0,2073600.0
sub02,1,1834.2,819.5,253,frame56.jpg,0,0,0,0,0,0,0,0,0,0,1,1,1,137940.5,6262.561600342393,6812.636751708575,18404.39599609375,8635.50033569336,8786.250534057617,18549.17974731326,341700.0,62636.93840107322,1036800.0,1036800.0,2073600.0
sub02,1,1789.0,782.9,164,frame56.jpg,0,0,0,0,0,0,0,0,0,0,1,1,1,137940.5,6262.561600342393,6812.636751708575,18404.39599609375,8635.50033569336,8786.250534057617,18549.17974731326,341700.0,62636.93840107322,1036800.0,1036800.0,2073600.0
sub02,1,1776.3,790.2,450,frame56.jpg,0,0,0,0,0,0,0,0,0,0,1,1,1,137940.5,6262.561600342393,6812.636751708575,18404.39599609375,8635.50033569336,8786.250534057617,18549.17974731326,341700.0,62636.93840107322,1036800.0,1036800.0,2073600.0
sub02,1,2497.8,431.9,191,frame56.jpg,0,0,0,0,0,0,0,0,0,0,0,0,0,137940.5,6262.561600342393,6812.636751708575,18404.39599609375,8635.50033569336,8786.250534057617,18549.17974731326,341700.0,62636.93840107322,1036800.0,1036800.0,2073600.0
sub02,1,2508.7,440.7,109,frame56.jpg,0,0,0,0,0,0,0,0,0,0,0,0,0,137940.5,6262.561600342393,6812.636751708575,18404.39599609375,8635.50033569336,8786.250534057617,18549.17974731326,341700.0,62636.93840107322,1036800.0,1036800.0,2073600.0
sub02,1,2988.7,985.0,85,frame56.jpg,0,0,0,0,0,0,0,0,0,0,0,0,0,137940.5,6262.561600342393,6812.636751708575,18404.39599609375,8635.50033569336,8786.250534057617,18549.17974731326,341700.0,62636.93840107322,1036800.0,1036800.0,2073600.0
sub02,2,1253.9,575.5,145,frame545.jpg,0,0,0,0,0,0,0,0,0,0,1,1,1,163755.5,6261.122175293043,6825.6028930665925,21492.002471923828,8212.498931884766,8759.252090454102,14603.160953368992,419926.0,67477.47506713867,1036800.0,1036800.0,2073600.0
sub02,2,1305.2,734.7,1386,frame545.jpg,0,0,0,0,0,0,0,0,0,0,1,1,1,163755.5,6261.122175293043,6825.6028930665925,21492.002471923828,8212.498931884766,8759.252090454102,14603.160953368992,419926.0,67477.47506713867,1036800.0,1036800.0,2073600.0
sub02,2,1300.2,736.4,105,frame545.jpg,0,0,0,0,0,0,0,0,0,0,1,1,1,163755.5,6261.122175293043,6825.6028930665925,21492.002471923828,8212.498931884766,8759.252090454102,14603.160953368992,419926.0,67477.47506713867,1036800.0,1036800.0,2073600.0
sub02,2,1336.8,737.5,708,frame545.jpg,0,0,0,0,0,0,0,0,0,0,1,1,1,163755.5,6261.122175293043,6825.6028930665925,21492.002471923828,8212.498931884766,8759.252090454102,14603.160953368992,419926.0,67477.47506713867,1036800.0,1036800.0,2073600.0
sub02,2,1361.2,895.0,239,frame545.jpg,0,0,0,0,0,0,0,0,0,0,1,1,1,163755.5,6261.122175293043,6825.6028930665925,21492.002471923828,8212.498931884766,8759.252090454102,14603.160953368992,419926.0,67477.47506713867,1036800.0,1036800.0,2073600.0
sub02,2,1365.6,878.1,70,frame545.jpg,0,0,0,0,0,0,0,0,0,0,1,1,1,163755.5,6261.122175293043,6825.6028930665925,21492.002471923828,8212.498931884766,8759.252090454102,14603.160953368992,419926.0,67477.47506713867,1036800.0,1036800.0,2073600.0
sub02,2,1364.2,876.5,81,frame545.jpg,0,0,0,0,0,0,0,0,0,0,1,1,1,163755.5,6261.122175293043,6825.6028930665925,21492.002471923828,8212.498931884766,8759.252090454102,14603.160953368992,419926.0,67477.47506713867,1036800.0,1036800.0,2073600.0
sub02,2,1395.9,664.6,600,frame545.jpg,0,0,0,0,0,0,0,0,0,0,1,1,1,163755.5,6261.122175293043,6825.6028930665925,21492.002471923828,8212.498931884766,8759.252090454102,14603.160953368992,419926.0,67477.47506713867,1036800.0,1036800.0,2073600.0
sub02,2,1395.3,675.6,213,frame545.jpg,0,0,0,0,0,0,0,0,0,0,1,1,1,163755.5,6261.122175293043,6825.6028930665925,21492.002471923828,8212.498931884766,8759.252090454102,14603.160953368992,419926.0,67477.47506713867,1036800.0,1036800.0,2073600.0
sub02,2,1410.8,696.0,60,frame545.jpg,0,0,0,0,0,0,0,0,0,0,1,1,1,163755.5,6261.122175293043,6825.6028930665925,21492.002471923828,8212.498931884766,8759.252090454102,14603.160953368992,419926.0,67477.47506713867,1036800.0,1036800.0,2073600.0
sub02,2,1404.8,940.2,890,frame545.jpg,0,0,0,0,0,0,0,0,0,0,1,1,1,163755.5,6261.122175293043,6825.6028930665925,21492.002471923828,8212.498931884766,8759.252090454102,14603.160953368992,419926.0,67477.47506713867,1036800.0,1036800.0,2073600.0
sub02,2,1592.1,691.1,578,frame545.jpg,0,0,0,0,0,0,0,0,0,0,1,1,1,163755.5,6261.122175293043,6825.6028930665925,21492.002471923828,8212.498931884766,8759.252090454102,14603.160953368992,419926.0,67477.47506713867,1036800.0,1036800.0,2073600.0
sub02,2,1696.9,678.8,230,frame545.jpg,0,0,0,0,0,0,0,0,0,0,1,1,1,163755.5,6261.122175293043,6825.6028930665925,21492.002471923828,8212.498931884766,8759.252090454102,14603.160953368992,419926.0,67477.47506713867,1036800.0,1036800.0,2073600.0
sub02,2,1506.6,815.7,516,frame545.jpg,0,0,0,0,0,0,0,0,0,0,1,1,1,163755.5,6261.122175293043,6825.6028930665925,21492.002471923828,8212.498931884766,8759.252090454102,14603.160953368992,419926.0,67477.47506713867,1036800.0,1036800.0,2073600.0
sub02,2,1309.8,766.1,294,frame545.jpg,0,0,0,0,0,0,0,0,0,0,1,1,1,163755.5,6261.122175293043,6825.6028930665925,21492.002471923828,8212.498931884766,8759.252090454102,14603.160953368992,419926.0,67477.47506713867,1036800.0,1036800.0,2073600.0
sub02,2,1318.9,733.1,231,frame545.jpg,0,0,0,0,0,0,0,0,0,0,1,1,1,163755.5,6261.122175293043,6825.6028930665925,21492.002471923828,8212.498931884766,8759.252090454102,14603.160953368992,419926.0,67477.47506713867,1036800.0,1036800.0,2073600.0
sub02,2,1316.6,747.0,230,frame545.jpg,0,0,0,0,0,0,0,0,0,0,1,1,1,163755.5,6261.122175293043,6825.6028930665925,21492.002471923828,8212.498931884766,8759.252090454102,14603.160953368992,419926.0,67477.47506713867,1036800.0,1036800.0,2073600.0
sub02,2,1321.1,901.9,72,frame545.jpg,0,0,0,0,0,0,0,0,0,0,1,1,1,163755.5,6261.122175293043,6825.6028930665925,21492.002471923828,8212.498931884766,8759.252090454102,14603.160953368992,419926.0,67477.47506713867,1036800.0,1036800.0,2073600.0
sub02,2,1321.4,858.6,342,frame545.jpg,0,0,0,0,0,0,0,0,0,0,1,1,1,163755.5,6261.122175293043,6825.6028930665925,21492.002471923828,8212.498931884766,8759.252090454102,14603.160953368992,419926.0,67477.47506713867,1036800.0,1036800.0,2073600.0
sub02,2,1247.5,836.2,295,frame545.jpg,0,0,0,0,0,0,0,0,0,0,1,1,1,163755.5,6261.122175293043,6825.6028930665925,21492.002471923828,8212.498931884766,8759.252090454102,14603.160953368992,419926.0,67477.47506713867,1036800.0,1036800.0,2073600.0
sub02,2,1546.8,647.0,66,frame545.jpg,0,0,0,0,0,0,0,0,0,0,1,1,1,163755.5,6261.122175293043,6825.6028930665925,21492.002471923828,8212.498931884766,8759.252090454102,14603.160953368992,419926.0,67477.47506713867,1036800.0,1036800.0,2073600.0
sub02,2,1543.8,728.3,167,frame545.jpg,0,0,0,0,0,0,0,0,0,0,1,1,1,163755.5,6261.122175293043,6825.6028930665925,21492.002471923828,8212.498931884766,8759.252090454102,14603.160953368992,419926.0,67477.47506713867,1036800.0,1036800.0,2073600.0
sub02,2,1545.1,683.2,26,frame545.jpg,0,0,0,0,0,0,0,0,0,0,1,1,1,163755.5,6261.122175293043,6825.6028930665925,21492.002471923828,8212.498931884766,8759.252090454102,14603.160953368992,419926.0,67477.47506713867,1036800.0,1036800.0,2073600.0
sub02,2,1536.6,670.3,67,frame545.jpg,0,0,0,0,0,0,0,0,0,0,1,1,1,163755.5,6261.122175293043,6825.6028930665925,21492.002471923828,8212.498931884766,8759.252090454102,14603.160953368992,419926.0,67477.47506713867,1036800.0,1036800.0,2073600.0
sub02,2,1517.5,707.2,35,frame545.jpg,0,0,0,0,0,0,0,0,0,0,1,1,1,163755.5,6261.122175293043,6825.6028930665925,21492.002471923828,8212.498931884766,8759.252090454102,14603.160953368992,419926.0,67477.47506713867,1036800.0,1036800.0,2073600.0
sub02,2,1411.9,670.3,187,frame545.jpg,0,0,0,0,0,0,0,0,0,0,1,1,1,163755.5,6261.122175293043,6825.6028930665925,21492.002471923828,8212.498931884766,8759.252090454102,14603.160953368992,419926.0,67477.47506713867,1036800.0,1036800.0,2073600.0
sub02,2,1020.9,991.4,154,frame545.jpg,0,0,0,0,0,0,0,0,0,0,1,1,1,163755.5,6261.122175293043,6825.6028930665925,21492.002471923828,8212.498931884766,8759.252090454102,14603.160953368992,419926.0,67477.47506713867,1036800.0,1036800.0,2073600.0
sub02,2,886.1,1006.2,110,frame545.jpg,0,0,0,0,0,0,0,0,0,1,0,1,1,163755.5,6261.122175293043,6825.6028930665925,21492.002471923828,8212.498931884766,8759.252090454102,14603.160953368992,419926.0,67477.47506713867,1036800.0,1036800.0,2073600.0
sub02,2,889.5,1044.4,26,frame545.jpg,0,0,0,0,0,0,0,0,0,1,0,1,1,163755.5,6261.122175293043,6825.6028930665925,21492.002471923828,8212.498931884766,8759.252090454102,14603.160953368992,419926.0,67477.47506713867,1036800.0,1036800.0,2073600.0
sub02,2,1002.1,981.3,24,frame545.jpg,0,0,0,0,0,0,0,1,0,0,1,1,0,163755.5,6261.122175293043,6825.6028930665925,21492.002471923828,8212.498931884766,8759.252090454102,14603.160953368992,419926.0,67477.47506713867,1036800.0,1036800.0,2073600.0
sub02,2,943.0,955.2,61,frame545.jpg,1,0,0,0,0,0,0,1,0,1,0,1,0,163755.5,6261.122175293043,6825.6028930665925,21492.002471923828,8212.498931884766,8759.252090454102,14603.160953368992,419926.0,67477.47506713867,1036800.0,1036800.0,2073600.0
sub02,2,1071.2,977.7,33,frame545.jpg,0,0,0,0,0,0,0,1,0,0,1,1,0,163755.5,6261.122175293043,6825.6028930665925,21492.002471923828,8212.498931884766,8759.252090454102,14603.160953368992,419926.0,67477.47506713867,1036800.0,1036800.0,2073600.0
sub02,2,995.2,1097.2,40,frame545.jpg,0,0,0,0,0,0,0,0,0,0,0,0,0,163755.5,6261.122175293043,6825.6028930665925,21492.002471923828,8212.498931884766,8759.252090454102,14603.160953368992,419926.0,67477.47506713867,1036800.0,1036800.0,2073600.0
sub02,2,996.9,1049.7,34,frame545.jpg,0,0,0,0,0,0,0,0,0,0,1,1,1,163755.5,6261.122175293043,6825.6028930665925,21492.002471923828,8212.498931884766,8759.252090454102,14603.160953368992,419926.0,67477.47506713867,1036800.0,1036800.0,2073600.0
sub02,2,999.4,1044.8,80,frame545.jpg,0,0,0,0,0,0,0,0,0,0,1,1,1,163755.5,6261.122175293043,6825.6028930665925,21492.002471923828,8212.498931884766,8759.252090454102,14603.160953368992,419926.0,67477.47506713867,1036800.0,1036800.0,2073600.0
sub02,2,1020.6,1052.6,104,frame545.jpg,0,0,0,0,0,0,0,0,0,0,1,1,1,163755.5,6261.122175293043,6825.6028930665925,21492.002471923828,8212.498931884766,8759.252090454102,14603.160953368992,419926.0,67477.47506713867,1036800.0,1036800.0,2073600.0
sub02,2,1090.2,959.7,820,frame545.jpg,0,0,0,0,0,0,0,1,0,0,1,1,0,163755.5,6261.122175293043,6825.6028930665925,21492.002471923828,8212.498931884766,8759.252090454102,14603.160953368992,419926.0,67477.47506713867,1036800.0,1036800.0,2073600.0
sub02,2,863.3,1213.0,510,frame545.jpg,0,0,0,0,0,0,0,0,0,0,0,0,0,163755.5,6261.122175293043,6825.6028930665925,21492.002471923828,8212.498931884766,8759.252090454102,14603.160953368992,419926.0,67477.47506713867,1036800.0,1036800.0,2073600.0
sub02,2,1013.6,829.4,81,frame545.jpg,1,0,0,0,0,0,0,1,0,0,1,1,0,163755.5,6261.122175293043,6825.6028930665925,21492.002471923828,8212.498931884766,8759.252090454102,14603.160953368992,419926.0,67477.47506713867,1036800.0,1036800.0,2073600.0
sub02,2,1002.2,743.7,48,frame545.jpg,1,0,0,0,0,0,0,1,0,0,1,1,0,163755.5,6261.122175293043,6825.6028930665925,21492.002471923828,8212.498931884766,8759.252090454102,14603.160953368992,419926.0,67477.47506713867,1036800.0,1036800.0,2073600.0
sub02,2,1140.2,880.5,104,frame545.jpg,0,0,0,0,0,0,0,0,0,0,1,1,1,163755.5,6261.122175293043,6825.6028930665925,21492.002471923828,8212.498931884766,8759.252090454102,14603.160953368992,419926.0,67477.47506713867,1036800.0,1036800.0,2073600.0
sub02,2,1078.2,813.6,344,frame545.jpg,1,0,0,0,0,0,0,1,0,0,1,1,0,163755.5,6261.122175293043,6825.6028930665925,21492.002471923828,8212.498931884766,8759.252090454102,14603.160953368992,419926.0,67477.47506713867,1036800.0,1036800.0,2073600.0
sub02,2,877.8,990.7,343,frame545.jpg,0,0,0,0,0,0,0,0,0,1,0,1,1,163755.5,6261.122175293043,6825.6028930665925,21492.002471923828,8212.498931884766,8759.252090454102,14603.160953368992,419926.0,67477.47506713867,1036800.0,1036800.0,2073600.0
sub02,2,1136.6,842.2,157,frame545.jpg,0,0,0,0,0,0,0,0,0,0,1,1,1,163755.5,6261.122175293043,6825.6028930665925,21492.002471923828,8212.498931884766,8759.252090454102,14603.160953368992,419926.0,67477.47506713867,1036800.0,1036800.0,2073600.0
sub02,2,916.3,1282.4,82,frame545.jpg,0,0,0,0,0,0,0,0,0,0,0,0,0,163755.5,6261.122175293043,6825.6028930665925,21492.002471923828,8212.498931884766,8759.252090454102,14603.160953368992,419926.0,67477.47506713867,1036800.0,1036800.0,2073600.0
sub02,2,959.1,917.6,104,frame545.jpg,1,0,0,0,0,0,0,1,0,1,0,1,0,163755.5,6261.122175293043,6825.6028930665925,21492.002471923828,8212.498931884766,8759.252090454102,14603.160953368992,419926.0,67477.47506713867,1036800.0,1036800.0,2073600.0
sub02,2,1118.3,1456.2,261,frame545.jpg,0,0,0,0,0,0,0,0,0,0,0,0,0,163755.5,6261.122175293043,6825.6028930665925,21492.002471923828,8212.498931884766,8759.252090454102,14603.160953368992,419926.0,67477.47506713867,1036800.0,1036800.0,2073600.0
sub02,2,1381.0,1849.0,255,frame545.jpg,0,0,0,0,0,0,0,0,0,0,0,0,0,163755.5,6261.122175293043,6825.6028930665925,21492.002471923828,8212.498931884766,8759.252090454102,14603.160953368992,419926.0,67477.47506713867,1036800.0,1036800.0,2073600.0
sub02,2,1356.7,1897.8,42,frame545.jpg,0,0,0,0,0,0,0,0,0,0,0,0,0,163755.5,6261.122175293043,6825.6028930665925,21492.002471923828,8212.498931884766,8759.252090454102,14603.160953368992,419926.0,67477.47506713867,1036800.0,1036800.0,2073600.0
sub02,2,1353.1,1295.4,461,frame545.jpg,0,0,0,0,0,0,0,0,0,0,0,0,0,163755.5,6261.122175293043,6825.6028930665925,21492.002471923828,8212.498931884766,8759.252090454102,14603.160953368992,419926.0,67477.47506713867,1036800.0,1036800.0,2073600.0
sub02,2,1278.7,997.3,457,frame545.jpg,0,0,0,0,0,0,0,0,0,0,1,1,1,163755.5,6261.122175293043,6825.6028930665925,21492.002471923828,8212.498931884766,8759.252090454102,14603.160953368992,419926.0,67477.47506713867,1036800.0,1036800.0,2073600.0
sub02,2,1284.9,989.0,32,frame545.jpg,0,0,0,0,0,0,0,0,0,0,1,1,1,163755.5,6261.122175293043,6825.6028930665925,21492.002471923828,8212.498931884766,8759.252090454102,14603.160953368992,419926.0,67477.47506713867,1036800.0,1036800.0,2073600.0
sub02,2,1309.7,1018.7,637,frame545.jpg,0,0,0,0,0,0,0,0,0,0,1,1,1,163755.5,6261.122175293043,6825.6028930665925,21492.002471923828,8212.498931884766,8759.252090454102,14603.160953368992,419926.0,67477.47506713867,1036800.0,1036800.0,2073600.0
sub02,2,1145.3,812.7,193,frame545.jpg,0,0,0,0,0,0,0,0,0,0,1,1,1,163755.5,6261.122175293043,6825.6028930665925,21492.002471923828,8212.498931884766,8759.252090454102,14603.160953368992,419926.0,67477.47506713867,1036800.0,1036800.0,2073600.0
sub02,2,905.9,712.8,119,frame545.jpg,1,0,0,0,0,0,0,1,0,1,0,1,0,163755.5,6261.122175293043,6825.6028930665925,21492.002471923828,8212.498931884766,8759.252090454102,14603.160953368992,419926.0,67477.47506713867,1036800.0,1036800.0,2073600.0
sub02,2,766.8,890.2,219,frame545.jpg,1,0,0,0,0,0,0,1,0,1,0,1,0,163755.5,6261.122175293043,6825.6028930665925,21492.002471923828,8212.498931884766,8759.252090454102,14603.160953368992,419926.0,67477.47506713867,1036800.0,1036800.0,2073600.0
sub02,2,787.3,856.5,123,frame545.jpg,1,0,0,0,0,0,0,1,0,1,0,1,0,163755.5,6261.122175293043,6825.6028930665925,21492.002471923828,8212.498931884766,8759.252090454102,14603.160953368992,419926.0,67477.47506713867,1036800.0,1036800.0,2073600.0
sub02,2,1733.7,687.4,58,frame545.jpg,0,0,0,0,0,0,0,0,0,0,1,1,1,163755.5,6261.122175293043,6825.6028930665925,21492.002471923828,8212.498931884766,8759.252090454102,14603.160953368992,419926.0,67477.47506713867,1036800.0,1036800.0,2073600.0
sub02,2,1740.6,674.9,277,frame545.jpg,0,0,0,0,0,0,0,0,0,0,1,1,1,163755.5,6261.122175293043,6825.6028930665925,21492.002471923828,8212.498931884766,8759.252090454102,14603.160953368992,419926.0,67477.47506713867,1036800.0,1036800.0,2073600.0
